latitude,longitude,brightness,scan,track,acq_date,acq_time,satellite,confidence,version,bright_t31,frp,daynight
18.93,-70.354,306.2,1.7,1.3,2018-09-07,0235,T,67,6.0NRT,290.9,14.2,N
17.914,-93.516,304.1,1.4,1.2,2018-09-07,0415,T,58,6.0NRT,288.7,8.7,N
17.912,-93.53,303.9,1.4,1.2,2018-09-07,0415,T,57,6.0NRT,289.5,8.2,N
17.909,-93.521,310.9,1.4,1.2,2018-09-07,0415,T,81,6.0NRT,289.4,15.4,N
18.205,-94.001,305.8,1.5,1.2,2018-09-07,0415,T,63,6.0NRT,293.9,9,N
18.202,-94.015,307.8,1.5,1.2,2018-09-07,0415,T,72,6.0NRT,294.3,11.1,N
18.207,-94.007,308.7,1.5,1.2,2018-09-07,0415,T,75,6.0NRT,294.2,13.1,N
18.866,-92.627,324.4,1.2,1.1,2018-09-07,0415,T,100,6.0NRT,293.3,25.8,N
19.244,-92.252,347.1,1.2,1.1,2018-09-07,0415,T,100,6.0NRT,292.7,65.5,N
19.243,-92.263,324.9,1.2,1.1,2018-09-07,0415,T,100,6.0NRT,292.5,24.2,N
19.398,-92.045,305,1.1,1.1,2018-09-07,0415,T,12,6.0NRT,290.9,4.1,N
19.562,-92.239,326.7,1.1,1.1,2018-09-07,0415,T,100,6.0NRT,293.6,25.9,N
47.491,-113.225,322.7,4.2,1.9,2018-09-07,0425,T,100,6.0NRT,280.8,190.6,N
47.513,-113.169,302.1,4.2,1.9,2018-09-07,0425,T,46,6.0NRT,281.7,60.4,N
47.494,-113.232,321.6,4.2,1.9,2018-09-07,0425,T,100,6.0NRT,279.7,182.9,N
49.518,-114.831,302.1,4.3,1.9,2018-09-07,0425,T,46,6.0NRT,283.8,54.9,N
30.324,-91.227,311.6,1,1,2018-09-07,0420,T,39,6.0NRT,292.1,8.3,N
30.323,-91.238,360.9,1,1,2018-09-07,0420,T,100,6.0NRT,293.2,91.2,N
30.321,-91.249,303.1,1,1,2018-09-07,0420,T,21,6.0NRT,291.6,3.3,N
30.332,-91.24,307.2,1,1,2018-09-07,0420,T,71,6.0NRT,291.6,6.1,N
31.668,-95.32,308.5,1.1,1.1,2018-09-07,0420,T,75,6.0NRT,292.5,8.2,N
31.674,-95.316,313.5,1.1,1.1,2018-09-07,0420,T,87,6.0NRT,292.9,12.8,N
31.672,-95.327,303.9,1.1,1.1,2018-09-07,0420,T,57,6.0NRT,292.3,5,N
33.664,-96.024,314.7,1.1,1.1,2018-09-07,0420,T,90,6.0NRT,280.5,16.8,N
33.673,-96.026,316.5,1.1,1.1,2018-09-07,0420,T,93,6.0NRT,280.5,18.8,N
33.671,-96.038,303.2,1.1,1.1,2018-09-07,0420,T,53,6.0NRT,281.9,6.5,N
48.264,-116.112,302.9,1.6,1.2,2018-09-07,0605,T,50,6.0NRT,289.1,11.4,N
48.265,-116.099,301.5,1.6,1.2,2018-09-07,0605,T,41,6.0NRT,289.4,11,N
47.858,-120.601,317,1.1,1,2018-09-07,0605,T,94,6.0NRT,284.6,18.6,N
47.578,-123.184,304.5,1,1,2018-09-07,0605,T,60,6.0NRT,287.3,7.3,N
47.586,-123.187,302.3,1,1,2018-09-07,0605,T,48,6.0NRT,287.4,5.9,N
48.583,-114.022,305.9,2,1.4,2018-09-07,0605,T,66,6.0NRT,284.8,26,N
48.297,-117.479,300.5,1.4,1.2,2018-09-07,0605,T,29,6.0NRT,289.8,8.2,N
48.584,-114.028,301.7,2,1.4,2018-09-07,0605,T,33,6.0NRT,284.3,17.1,N
48.56,-115.554,302.6,1.7,1.3,2018-09-07,0605,T,50,6.0NRT,288.2,12.8,N
48.594,-115.526,309,1.7,1.3,2018-09-07,0605,T,42,6.0NRT,289,20.3,N
48.606,-115.529,321.3,1.7,1.3,2018-09-07,0605,T,100,6.0NRT,289.8,42.5,N
48.617,-115.531,306.7,1.7,1.3,2018-09-07,0605,T,22,6.0NRT,288.3,17.2,N
48.288,-120.296,306.8,1.1,1,2018-09-07,0605,T,53,6.0NRT,286.6,9.5,N
48.289,-120.446,301.6,1.1,1,2018-09-07,0605,T,17,6.0NRT,279.4,7.4,N
48.288,-120.461,306.3,1.1,1,2018-09-07,0605,T,45,6.0NRT,282,10.7,N
48.313,-120.482,315.8,1.1,1,2018-09-07,0605,T,92,6.0NRT,284,18.5,N
48.429,-120.594,313.2,1.1,1,2018-09-07,0605,T,87,6.0NRT,286.7,15.2,N
48.428,-120.608,310.1,1.1,1,2018-09-07,0605,T,79,6.0NRT,284.9,12.8,N
48.435,-120.603,312.4,1.1,1,2018-09-07,0605,T,85,6.0NRT,283.6,15.6,N
48.713,-120.454,307.9,1.1,1,2018-09-07,0605,T,73,6.0NRT,284.4,10.9,N
48.711,-120.467,306.1,1.1,1,2018-09-07,0605,T,67,6.0NRT,287.2,9.3,N
48.721,-120.469,307,1.1,1,2018-09-07,0605,T,40,6.0NRT,288,9.5,N
49.149,-116.892,301.3,1.5,1.2,2018-09-07,0605,T,39,6.0NRT,284.4,11.6,N
49.002,-119.845,319.6,1.1,1.1,2018-09-07,0605,T,99,6.0NRT,287.3,23.6,N
49.012,-119.845,314.7,1.1,1.1,2018-09-07,0605,T,69,6.0NRT,284.4,17.3,N
49.479,-114.866,307.9,1.9,1.3,2018-09-07,0605,T,73,6.0NRT,283.9,26,N
49.491,-114.868,307.5,1.9,1.3,2018-09-07,0605,T,59,6.0NRT,283,24,N
49.033,-119.836,304.5,1.1,1.1,2018-09-07,0605,T,29,6.0NRT,284.7,9.4,N
49.042,-119.839,313.6,1.1,1.1,2018-09-07,0605,T,83,6.0NRT,282.9,17.2,N
49.04,-119.856,302.7,1.1,1.1,2018-09-07,0605,T,19,6.0NRT,280.8,8.6,N
49.518,-114.841,304.9,1.9,1.3,2018-09-07,0605,T,62,6.0NRT,283.8,21.7,N
49.355,-117.843,325.1,1.4,1.2,2018-09-07,0605,T,100,6.0NRT,291.1,36.9,N
49.354,-117.86,307.8,1.4,1.2,2018-09-07,0605,T,54,6.0NRT,289.3,13,N
49.379,-117.817,319,1.4,1.2,2018-09-07,0605,T,90,6.0NRT,286.3,27.6,N
49.377,-117.834,324.8,1.4,1.2,2018-09-07,0605,T,94,6.0NRT,288.2,35.6,N
49.374,-117.82,315.7,1.4,1.2,2018-09-07,0605,T,84,6.0NRT,288.1,24.1,N
49.373,-117.838,304.7,1.4,1.2,2018-09-07,0605,T,20,6.0NRT,287.7,11,N
49.385,-117.824,320.5,1.4,1.2,2018-09-07,0605,T,100,6.0NRT,285.2,31.5,N
49.383,-117.84,313.8,1.4,1.2,2018-09-07,0605,T,84,6.0NRT,287.6,21.5,N
49.381,-117.858,314,1.4,1.2,2018-09-07,0605,T,88,6.0NRT,288.9,20.9,N
49.392,-117.861,315.5,1.4,1.2,2018-09-07,0605,T,91,6.0NRT,287.7,24,N
49.402,-117.865,312.4,1.4,1.2,2018-09-07,0605,T,85,6.0NRT,284.2,21.3,N
49.191,-119.885,325.6,1.1,1.1,2018-09-07,0605,T,100,6.0NRT,290.5,29.8,N
49.189,-119.903,345.8,1.1,1.1,2018-09-07,0605,T,100,6.0NRT,290.6,66.6,N
49.15,-120.237,304.3,1.1,1,2018-09-07,0605,T,44,6.0NRT,284.1,8.6,N
49.169,-120.244,307.8,1.1,1,2018-09-07,0605,T,57,6.0NRT,284.1,11.3,N
49.171,-120.384,314.4,1.1,1,2018-09-07,0605,T,89,6.0NRT,284.5,17.9,N
49.083,-121.107,308.6,1.1,1,2018-09-07,0605,T,57,6.0NRT,289,9.7,N
49.234,-119.93,316.4,1.1,1.1,2018-09-07,0605,T,93,6.0NRT,289.8,18.1,N
49.205,-120.178,314.2,1.1,1.1,2018-09-07,0605,T,89,6.0NRT,281.6,18.3,N
49.244,-119.934,306.2,1.1,1.1,2018-09-07,0605,T,51,6.0NRT,287.3,9.9,N
49.207,-120.294,318.9,1.1,1,2018-09-07,0605,T,98,6.0NRT,281.9,22.4,N
49.189,-120.442,310.8,1.1,1,2018-09-07,0605,T,62,6.0NRT,282.4,14,N
49.187,-120.457,306.5,1.1,1,2018-09-07,0605,T,63,6.0NRT,281.4,10.9,N
49.216,-120.296,305.3,1.1,1,2018-09-07,0605,T,64,6.0NRT,278,10.9,N
49.482,-117.984,309.9,1.3,1.2,2018-09-07,0605,T,79,6.0NRT,288.9,17,N
49.221,-120.421,309.4,1.1,1,2018-09-07,0605,T,70,6.0NRT,282.8,13.4,N
49.492,-117.985,316,1.3,1.2,2018-09-07,0605,T,89,6.0NRT,289.5,23.1,N
49.502,-117.988,320.6,1.3,1.2,2018-09-07,0605,T,80,6.0NRT,290.8,28.7,N
49.501,-118.004,330.8,1.3,1.1,2018-09-07,0605,T,100,6.0NRT,292.3,45.8,N
49.259,-120.261,301.4,1.1,1.1,2018-09-07,0605,T,41,6.0NRT,281.8,8.6,N
49.163,-121.123,301.7,1.1,1,2018-09-07,0605,T,43,6.0NRT,287.7,6.1,N
49.519,-118.031,300.5,1.3,1.1,2018-09-07,0605,T,6,6.0NRT,287,7,N
49.279,-120.25,315.4,1.1,1.1,2018-09-07,0605,T,86,6.0NRT,286,18.7,N
49.277,-120.266,324.3,1.1,1.1,2018-09-07,0605,T,100,6.0NRT,285.7,28.9,N
49.276,-120.28,303.5,1.1,1,2018-09-07,0605,T,49,6.0NRT,282.2,9.5,N
49.172,-121.127,333.2,1.1,1,2018-09-07,0605,T,100,6.0NRT,288.7,37.5,N
49.529,-118.032,303.4,1.3,1.1,2018-09-07,0605,T,37,6.0NRT,287.6,9.7,N
49.288,-120.253,325.4,1.1,1.1,2018-09-07,0605,T,100,6.0NRT,283.1,31,N
49.686,-118.189,305.1,1.3,1.1,2018-09-07,0605,T,63,6.0NRT,288.4,12,N
49.637,-122.578,303.6,1,1,2018-09-07,0605,T,56,6.0NRT,285.5,8.2,N
34.091,-117.534,304.8,1,1,2018-09-07,0600,T,62,6.0NRT,293,5.6,N
38.366,-119.374,328.8,1,1,2018-09-07,0600,T,100,6.0NRT,284.5,30.5,N
38.365,-119.386,316.9,1,1,2018-09-07,0600,T,94,6.0NRT,284.5,18.1,N
39.413,-122.72,334.2,1.1,1.1,2018-09-07,0600,T,100,6.0NRT,293,42,N
39.422,-122.722,316.7,1.1,1.1,2018-09-07,0600,T,79,6.0NRT,291.4,17,N
39.424,-122.742,310.3,1.1,1.1,2018-09-07,0600,T,78,6.0NRT,291.1,12.1,N
39.421,-122.755,322.3,1.1,1.1,2018-09-07,0600,T,100,6.0NRT,291.1,24.3,N
39.433,-122.744,311.2,1.1,1.1,2018-09-07,0600,T,82,6.0NRT,289.1,13.7,N
39.431,-122.757,308.4,1.1,1.1,2018-09-07,0600,T,75,6.0NRT,288.5,11.3,N
40.635,-123.508,309.9,1.2,1.1,2018-09-07,0600,T,60,6.0NRT,290.6,11.9,N
40.632,-123.521,309.1,1.2,1.1,2018-09-07,0600,T,29,6.0NRT,290.1,11,N
40.941,-122.409,327,1.1,1,2018-09-07,0600,T,100,6.0NRT,294.3,26.6,N
40.939,-122.422,319.6,1.1,1,2018-09-07,0600,T,99,6.0NRT,293.2,18.1,N
40.95,-122.411,318.4,1.1,1,2018-09-07,0600,T,97,6.0NRT,295,16.5,N
40.961,-122.401,304.1,1.1,1,2018-09-07,0600,T,8,6.0NRT,294,4.5,N
40.959,-122.414,316.6,1.1,1,2018-09-07,0600,T,93,6.0NRT,293.7,14.3,N
40.949,-122.476,307.5,1.1,1,2018-09-07,0600,T,46,6.0NRT,293.8,6.8,N
40.947,-122.488,398.3,1.1,1,2018-09-07,0600,T,100,6.0NRT,302.4,268.8,N
40.945,-122.5,335.8,1.1,1,2018-09-07,0600,T,100,6.0NRT,293.1,39.1,N
40.955,-122.484,379.5,1.1,1,2018-09-07,0600,T,100,6.0NRT,300.8,166.1,N
40.953,-122.495,407.1,1.1,1,2018-09-07,0600,T,100,6.0NRT,304.2,330.5,N
40.951,-122.508,303.3,1.1,1,2018-09-07,0600,T,9,6.0NRT,291.8,4.7,N
40.976,-122.412,310.6,1.1,1,2018-09-07,0600,T,38,6.0NRT,294.4,8.8,N
40.964,-122.486,313.1,1.1,1,2018-09-07,0600,T,83,6.0NRT,294.8,11,N
40.962,-122.498,338.6,1.1,1,2018-09-07,0600,T,100,6.0NRT,297,44.2,N
40.993,-122.365,331.1,1.1,1,2018-09-07,0600,T,100,6.0NRT,295.9,31.9,N
40.991,-122.377,336.2,1.1,1,2018-09-07,0600,T,100,6.0NRT,296.2,38.9,N
40.989,-122.389,318.3,1.1,1,2018-09-07,0600,T,67,6.0NRT,294.9,14.5,N
40.987,-122.402,314.8,1.1,1,2018-09-07,0600,T,71,6.0NRT,294.8,11.8,N
40.973,-122.488,311.1,1.1,1,2018-09-07,0600,T,75,6.0NRT,294,8.7,N
40.971,-122.5,344.4,1.1,1,2018-09-07,0600,T,100,6.0NRT,297.3,54.7,N
40.969,-122.512,341.2,1.1,1,2018-09-07,0600,T,100,6.0NRT,293.1,49.1,N
41.004,-122.355,302.5,1.1,1,2018-09-07,0600,T,7,6.0NRT,292.4,3.5,N
41.002,-122.368,372.9,1.1,1,2018-09-07,0600,T,100,6.0NRT,299.4,137.2,N
41,-122.38,323.4,1.1,1,2018-09-07,0600,T,87,6.0NRT,295.7,20,N
40.998,-122.392,320.1,1.1,1,2018-09-07,0600,T,97,6.0NRT,296.1,15.9,N
40.982,-122.492,323.1,1.1,1,2018-09-07,0600,T,100,6.0NRT,295,20.7,N
40.98,-122.504,344.6,1.1,1,2018-09-07,0600,T,100,6.0NRT,297.2,55.2,N
40.978,-122.516,320.6,1.1,1,2018-09-07,0600,T,100,6.0NRT,293.1,19.2,N
41.011,-122.37,318.6,1.1,1,2018-09-07,0600,T,97,6.0NRT,293.7,16.4,N
41.009,-122.383,319.3,1.1,1,2018-09-07,0600,T,70,6.0NRT,294.9,16.1,N
41.007,-122.395,350.5,1.1,1,2018-09-07,0600,T,100,6.0NRT,299.2,66,N
41.005,-122.408,349.7,1.1,1,2018-09-07,0600,T,100,6.0NRT,297.4,64,N
41.003,-122.42,335.3,1.1,1,2018-09-07,0600,T,100,6.0NRT,295.8,36.2,N
40.989,-122.506,317.9,1.1,1,2018-09-07,0600,T,84,6.0NRT,295.8,14.6,N
40.987,-122.518,341.2,1.1,1,2018-09-07,0600,T,100,6.0NRT,298.7,48.4,N
41.016,-122.398,345,1.1,1,2018-09-07,0600,T,100,6.0NRT,295.6,55.2,N
41.014,-122.41,328.7,1.1,1,2018-09-07,0600,T,91,6.0NRT,293.6,26.4,N
41.012,-122.422,334.4,1.1,1,2018-09-07,0600,T,100,6.0NRT,294.4,35.3,N
40.996,-122.52,324.8,1.1,1,2018-09-07,0600,T,100,6.0NRT,295.5,22.5,N
40.995,-122.532,328.2,1.1,1,2018-09-07,0600,T,100,6.0NRT,294.2,27.7,N
41.02,-122.436,342.3,1.1,1,2018-09-07,0600,T,100,6.0NRT,296.9,50.3,N
41.004,-122.535,309.9,1.1,1,2018-09-07,0600,T,23,6.0NRT,291,8.3,N
41.002,-122.547,321.4,1.1,1,2018-09-07,0600,T,100,6.0NRT,291.6,20.4,N
41.033,-122.415,327.3,1.1,1,2018-09-07,0600,T,100,6.0NRT,293.3,26.5,N
41.031,-122.427,339.4,1.1,1,2018-09-07,0600,T,100,6.0NRT,296.1,45.3,N
41.029,-122.439,344.1,1.1,1,2018-09-07,0600,T,100,6.0NRT,296.8,54.2,N
41.027,-122.451,333,1.1,1,2018-09-07,0600,T,100,6.0NRT,295.1,34.3,N
41.025,-122.463,323.1,1.1,1,2018-09-07,0600,T,96,6.0NRT,292.6,20.7,N
41.023,-122.475,336.2,1.1,1,2018-09-07,0600,T,100,6.0NRT,293.1,39.3,N
41.011,-122.551,327.4,1.1,1,2018-09-07,0600,T,95,6.0NRT,295.4,25.6,N
41.009,-122.563,318.2,1.1,1,2018-09-07,0600,T,71,6.0NRT,292.7,16.4,N
41.036,-122.453,322.3,1.1,1,2018-09-07,0600,T,94,6.0NRT,292.1,21.5,N
41.034,-122.465,318.2,1.1,1,2018-09-07,0600,T,56,6.0NRT,290.2,16.5,N
41.032,-122.477,321.7,1.1,1,2018-09-07,0600,T,87,6.0NRT,290.2,19.5,N
41.02,-122.554,326.3,1.1,1,2018-09-07,0600,T,85,6.0NRT,297.7,23.6,N
41.018,-122.567,339.5,1.1,1,2018-09-07,0600,T,100,6.0NRT,296.8,45.9,N
41.041,-122.479,332.8,1.1,1,2018-09-07,0600,T,98,6.0NRT,288.8,35,N
41.039,-122.492,328.8,1.1,1,2018-09-07,0600,T,96,6.0NRT,291.4,27.9,N
41.037,-122.506,325.8,1.1,1,2018-09-07,0600,T,100,6.0NRT,293.9,22,N
41.035,-122.518,313.1,1.1,1,2018-09-07,0600,T,67,6.0NRT,291.6,9.5,N
41.031,-122.543,334.5,1.1,1,2018-09-07,0600,T,100,6.0NRT,296,37.4,N
41.029,-122.556,347,1.1,1,2018-09-07,0600,T,100,6.0NRT,299.4,60.7,N
41.027,-122.569,345,1.1,1,2018-09-07,0600,T,100,6.0NRT,299,58.4,N
41.025,-122.582,305.3,1.1,1,2018-09-07,0600,T,64,6.0NRT,292.2,7,N
41.047,-122.487,350.2,1.1,1,2018-09-07,0600,T,100,6.0NRT,292.8,70.1,N
41.045,-122.5,337.8,1.1,1,2018-09-07,0600,T,100,6.0NRT,295.4,44.7,N
41.043,-122.513,333.9,1.1,1,2018-09-07,0600,T,100,6.0NRT,293.4,37.4,N
41.041,-122.525,319,1.1,1,2018-09-07,0600,T,88,6.0NRT,291.9,18.8,N
41.039,-122.538,331.1,1.1,1,2018-09-07,0600,T,100,6.0NRT,292.5,33.8,N
41.037,-122.55,331.1,1.1,1,2018-09-07,0600,T,100,6.0NRT,291.8,33.8,N
41.035,-122.563,342.8,1.1,1,2018-09-07,0600,T,100,6.0NRT,295.1,54,N
41.032,-122.576,328.7,1.1,1,2018-09-07,0600,T,100,6.0NRT,293,30.8,N
41.056,-122.49,301,1.1,1,2018-09-07,0600,T,22,6.0NRT,287.8,5.7,N
41.054,-122.503,319.5,1.1,1,2018-09-07,0600,T,99,6.0NRT,289.4,20.5,N
41.052,-122.515,313.2,1.1,1,2018-09-07,0600,T,66,6.0NRT,289.5,13.7,N
41.05,-122.528,338.7,1.1,1,2018-09-07,0600,T,100,6.0NRT,292.3,47,N
41.048,-122.54,311.1,1.1,1,2018-09-07,0600,T,68,6.0NRT,288.9,12.2,N
41.809,-123.549,325.6,1.1,1.1,2018-09-07,0600,T,100,6.0NRT,291.9,27.7,N
41.814,-123.576,307.2,1.1,1.1,2018-09-07,0600,T,45,6.0NRT,287.9,9.5,N
41.897,-123.581,302.2,1.1,1.1,2018-09-07,0600,T,47,6.0NRT,288,7.2,N
42.603,-120.671,302.2,1,1,2018-09-07,0600,T,47,6.0NRT,285.3,7.6,N
42.601,-120.683,311.8,1,1,2018-09-07,0600,T,83,6.0NRT,284.7,14,N
42.655,-120.69,309.1,1,1,2018-09-07,0600,T,77,6.0NRT,281.4,12.4,N
43.46,-115.008,332.8,1.6,1.2,2018-09-07,0600,T,100,6.0NRT,288.8,65.5,N
43.459,-115.026,305.4,1.6,1.2,2018-09-07,0600,T,26,6.0NRT,285.3,15,N
43.462,-114.995,305.3,1.6,1.2,2018-09-07,0600,T,45,6.0NRT,284.3,15.4,N
43.461,-115.013,331.8,1.6,1.2,2018-09-07,0600,T,100,6.0NRT,288.8,63.5,N
42.326,-123.792,311.4,1.1,1.1,2018-09-07,0600,T,82,6.0NRT,289,13.9,N
43.473,-114.997,305.8,1.6,1.2,2018-09-07,0600,T,61,6.0NRT,285.3,16.2,N
43.472,-115.016,312.3,1.6,1.2,2018-09-07,0600,T,85,6.0NRT,286.1,24.5,N
43.505,-115.024,310.2,1.6,1.2,2018-09-07,0600,T,79,6.0NRT,283.9,23.3,N
42.397,-124.093,317.3,1.2,1.1,2018-09-07,0600,T,35,6.0NRT,289.1,17.6,N
42.456,-123.81,373.4,1.1,1.1,2018-09-07,0600,T,100,6.0NRT,298.9,155.5,N
42.453,-123.824,373.3,1.1,1.1,2018-09-07,0600,T,100,6.0NRT,297.8,155,N
42.409,-124.083,321.5,1.2,1.1,2018-09-07,0600,T,63,6.0NRT,287.9,22.4,N
42.402,-124.122,335.6,1.2,1.1,2018-09-07,0600,T,100,6.0NRT,288.4,46.5,N
42.465,-123.814,306,1.1,1.1,2018-09-07,0600,T,66,6.0NRT,289.1,9.2,N
42.463,-123.828,315.2,1.1,1.1,2018-09-07,0600,T,91,6.0NRT,289.4,17.2,N
42.414,-124.112,321.6,1.2,1.1,2018-09-07,0600,T,85,6.0NRT,287.9,23.4,N
42.428,-124.087,343.6,1.2,1.1,2018-09-07,0600,T,100,6.0NRT,290.5,61.5,N
42.426,-124.101,351.2,1.2,1.1,2018-09-07,0600,T,100,6.0NRT,291.9,80.9,N
42.489,-123.928,310.1,1.1,1.1,2018-09-07,0600,T,79,6.0NRT,289.3,12.4,N
42.475,-124.011,301.3,1.2,1.1,2018-09-07,0600,T,39,6.0NRT,287.5,6.5,N
42.473,-124.023,301,1.2,1.1,2018-09-07,0600,T,36,6.0NRT,287.7,6.7,N
42.501,-123.917,320.9,1.1,1.1,2018-09-07,0600,T,90,6.0NRT,290,22.2,N
42.498,-123.931,318.8,1.1,1.1,2018-09-07,0600,T,98,6.0NRT,289.1,20.4,N
42.517,-123.879,314.6,1.1,1.1,2018-09-07,0600,T,45,6.0NRT,290.5,14.9,N
42.529,-123.868,324.6,1.1,1.1,2018-09-07,0600,T,100,6.0NRT,290,26.8,N
42.527,-123.882,319,1.1,1.1,2018-09-07,0600,T,89,6.0NRT,290.4,19.7,N
42.536,-123.884,314.3,1.1,1.1,2018-09-07,0600,T,43,6.0NRT,289.3,15.1,N
42.541,-123.912,338.4,1.1,1.1,2018-09-07,0600,T,100,6.0NRT,289.8,49.1,N
42.539,-123.926,381.5,1.1,1.1,2018-09-07,0600,T,100,6.0NRT,296.4,194,N
42.536,-123.94,331.1,1.1,1.1,2018-09-07,0600,T,100,6.0NRT,288.2,37.3,N
42.548,-123.929,325.7,1.1,1.1,2018-09-07,0600,T,100,6.0NRT,287.7,29.6,N
42.546,-123.944,325.8,1.1,1.1,2018-09-07,0600,T,100,6.0NRT,286.8,30.3,N
42.868,-122.714,321,1,1,2018-09-07,0600,T,100,6.0NRT,289.1,21.3,N
42.866,-122.727,305.5,1,1,2018-09-07,0600,T,65,6.0NRT,287.4,8.2,N
42.909,-122.634,307.2,1,1,2018-09-07,0600,T,71,6.0NRT,287.4,9.6,N
44.109,-122.195,304.4,1,1,2018-09-07,0600,T,60,6.0NRT,289.3,7.1,N
45.034,-123.006,331.1,1,1,2018-09-07,0600,T,100,6.0NRT,287,33.6,N
45.231,-123.167,301.2,1,1,2018-09-07,0600,T,39,6.0NRT,286.8,6.7,N
46.572,-121.406,306,1,1,2018-09-07,0600,T,66,6.0NRT,285.7,9,N
47.493,-113.193,303.8,2.2,1.4,2018-09-07,0600,T,35,6.0NRT,286.6,22.9,N
47.504,-113.201,313.9,2.2,1.4,2018-09-07,0600,T,88,6.0NRT,286.3,47.1,N
47.502,-113.225,309.8,2.2,1.4,2018-09-07,0600,T,78,6.0NRT,283.8,36.9,N
47.763,-113.194,302,2.2,1.4,2018-09-07,0600,T,34,6.0NRT,282.9,21.3,N
47.761,-113.198,302.8,2.2,1.4,2018-09-07,0600,T,51,6.0NRT,283.1,25,N
47.775,-113.171,310.7,2.2,1.4,2018-09-07,0600,T,81,6.0NRT,284.1,39.9,N
47.667,-114.794,302.4,1.8,1.3,2018-09-07,0600,T,49,6.0NRT,286.5,16.4,N
36.356,-76.809,303.9,1.1,1,2018-09-07,0655,A,58,6.0NRT,293.3,5.6,N
33.428,-85.498,306.1,3.2,1.7,2018-09-07,0655,A,67,6.0NRT,289.8,40.1,N
33.429,-85.503,306.9,3.2,1.7,2018-09-07,0655,A,70,6.0NRT,289.7,42.9,N
24.129,-99.197,304.7,1.3,1.1,2018-09-07,0840,A,61,6.0NRT,290.2,7.3,N
24.129,-99.203,302.5,1.3,1.1,2018-09-07,0840,A,49,6.0NRT,290.2,5.4,N
24.041,-99.106,300.2,1.3,1.1,2018-09-07,0840,A,22,6.0NRT,289,4.1,N
33.668,-96.025,308.2,1.3,1.1,2018-09-07,0835,A,74,6.0NRT,290.4,11,N
49.513,-114.833,323.1,1.3,1.1,2018-09-07,1010,A,100,6.0NRT,285.4,33.7,N
49.486,-114.855,323.4,1.3,1.1,2018-09-07,1010,A,100,6.0NRT,282,34.2,N
49.688,-118.182,304.9,1,1,2018-09-07,1010,A,62,6.0NRT,286.4,8.7,N
49.679,-118.185,301.3,1,1,2018-09-07,1010,A,36,6.0NRT,285,6.4,N
49.518,-118.004,314.8,1,1,2018-09-07,1010,A,78,6.0NRT,286.6,14.8,N
49.507,-117.993,323.5,1,1,2018-09-07,1010,A,100,6.0NRT,289,23.5,N
49.505,-117.98,306.7,1,1,2018-09-07,1010,A,59,6.0NRT,287.2,9.4,N
49.498,-117.996,322.6,1,1,2018-09-07,1010,A,98,6.0NRT,288.3,21.1,N
49.494,-117.969,315.5,1,1,2018-09-07,1010,A,38,6.0NRT,289,15.1,N
49.487,-117.979,322.8,1,1,2018-09-07,1010,A,100,6.0NRT,290.7,23,N
49.485,-117.965,310.7,1,1,2018-09-07,1010,A,54,6.0NRT,286.5,12.1,N
49.479,-117.982,307.7,1,1,2018-09-07,1010,A,72,6.0NRT,285.8,11,N
49.403,-117.864,304.5,1,1,2018-09-07,1010,A,54,6.0NRT,281.5,8.6,N
49.401,-117.85,326.8,1,1,2018-09-07,1010,A,100,6.0NRT,286,28.4,N
49.392,-117.853,323.7,1,1,2018-09-07,1010,A,100,6.0NRT,287.7,24.2,N
49.389,-117.84,310.5,1,1,2018-09-07,1010,A,20,6.0NRT,286.1,11.5,N
49.387,-117.826,305.9,1,1,2018-09-07,1010,A,56,6.0NRT,283.4,9.6,N
49.376,-117.816,315.7,1,1,2018-09-07,1010,A,41,6.0NRT,285,15.7,N
49.362,-117.84,326.5,1,1,2018-09-07,1010,A,100,6.0NRT,289.1,27.9,N
49.359,-117.826,305.4,1,1,2018-09-07,1010,A,35,6.0NRT,287,8.3,N
49.153,-116.882,306.7,1.1,1,2018-09-07,1010,A,69,6.0NRT,282.7,12,N
48.581,-114.007,306.3,1.4,1.2,2018-09-07,1010,A,68,6.0NRT,281.2,17.8,N
48.588,-114.012,305.3,1.4,1.2,2018-09-07,1010,A,64,6.0NRT,280.7,16.5,N
48.616,-115.523,313.8,1.2,1.1,2018-09-07,1010,A,88,6.0NRT,287.4,19,N
48.607,-115.527,311.4,1.2,1.1,2018-09-07,1010,A,62,6.0NRT,286.9,15.5,N
48.604,-115.511,322.9,1.2,1.1,2018-09-07,1010,A,100,6.0NRT,288.1,29.5,N
48.594,-115.514,305.2,1.2,1.1,2018-09-07,1010,A,41,6.0NRT,285.7,10.2,N
49.291,-120.248,318.2,1,1,2018-09-07,1010,A,96,6.0NRT,282,19.3,N
49.284,-120.264,325.9,1,1,2018-09-07,1010,A,100,6.0NRT,283.7,26.6,N
49.282,-120.251,331.4,1,1,2018-09-07,1010,A,100,6.0NRT,286.3,33.5,N
49.236,-119.927,309.6,1,1,2018-09-07,1010,A,78,6.0NRT,287,11.3,N
49.276,-120.274,300.6,1,1,2018-09-07,1010,A,28,6.0NRT,280.4,7.2,N
49.194,-119.892,318.3,1,1,2018-09-07,1010,A,97,6.0NRT,288.5,18.3,N
49.185,-119.895,311.1,1,1,2018-09-07,1010,A,82,6.0NRT,286.2,12.8,N
49.208,-120.183,307,1,1,2018-09-07,1010,A,70,6.0NRT,279.4,11.3,N
49.206,-120.169,307.5,1,1,2018-09-07,1010,A,72,6.0NRT,280.4,11.4,N
49.213,-120.28,305.2,1,1,2018-09-07,1010,A,63,6.0NRT,280.1,10.5,N
49.223,-120.418,303.9,1,1,2018-09-07,1010,A,58,6.0NRT,281.1,9.4,N
49.221,-120.405,308,1,1,2018-09-07,1010,A,73,6.0NRT,280,12.2,N
49.182,-120.191,305.5,1,1,2018-09-07,1010,A,65,6.0NRT,282.3,9.9,N
49.17,-120.243,364.2,1,1,2018-09-07,1010,A,100,6.0NRT,284.9,101.6,N
49.168,-120.23,355.4,1,1,2018-09-07,1010,A,100,6.0NRT,287.6,77.9,N
49.189,-120.449,304.4,1,1,2018-09-07,1010,A,60,6.0NRT,279.4,9,N
49.171,-120.384,309.6,1,1,2018-09-07,1010,A,78,6.0NRT,279.8,12.9,N
49.169,-120.371,302.7,1,1,2018-09-07,1010,A,51,6.0NRT,282.2,8.5,N
49.039,-119.85,300.4,1,1,2018-09-07,1010,A,26,6.0NRT,280.9,7.1,N
49.037,-119.837,328.2,1,1,2018-09-07,1010,A,100,6.0NRT,284.5,29.9,N
49.01,-119.839,318.7,1,1,2018-09-07,1010,A,97,6.0NRT,285.4,19.4,N
49.171,-121.119,300.1,1,1,2018-09-07,1010,A,16,6.0NRT,285.3,6.5,N
47.774,-113.156,300.1,1.6,1.3,2018-09-07,1010,A,15,6.0NRT,282.5,12.4,N
49.091,-121.077,300,1,1,2018-09-07,1010,A,2,6.0NRT,286.1,5.3,N
47.498,-113.205,311.8,1.6,1.3,2018-09-07,1010,A,83,6.0NRT,282.7,29.1,N
48.298,-117.474,301.1,1.1,1,2018-09-07,1010,A,38,6.0NRT,288.6,6.9,N
48.723,-120.294,301.7,1,1,2018-09-07,1010,A,43,6.0NRT,283.2,8.1,N
48.72,-120.464,300.3,1,1,2018-09-07,1010,A,24,6.0NRT,286.5,6.1,N
48.709,-120.453,304.3,1,1,2018-09-07,1010,A,59,6.0NRT,283.4,8.6,N
48.433,-120.6,300.9,1,1,2018-09-07,1010,A,25,6.0NRT,282.6,6.6,N
48.431,-120.587,300.4,1,1,2018-09-07,1010,A,17,6.0NRT,284.7,6.2,N
48.314,-120.478,310.8,1,1,2018-09-07,1010,A,81,6.0NRT,283.8,13.5,N
48.299,-120.372,303,1,1,2018-09-07,1010,A,53,6.0NRT,285.4,8,N
48.297,-120.359,322,1,1,2018-09-07,1010,A,100,6.0NRT,288.2,22,N
48.293,-120.333,301.1,1,1,2018-09-07,1010,A,30,6.0NRT,285.2,6,N
48.298,-120.428,300,1,1,2018-09-07,1010,A,6,6.0NRT,282.8,5.9,N
48.292,-120.388,319.9,1,1,2018-09-07,1010,A,99,6.0NRT,286.4,20.5,N
48.29,-120.375,323.1,1,1,2018-09-07,1010,A,100,6.0NRT,287.5,23.3,N
48.288,-120.362,319.7,1,1,2018-09-07,1010,A,91,6.0NRT,285.7,19,N
48.283,-120.322,311.2,1,1,2018-09-07,1010,A,52,6.0NRT,286.9,11.6,N
48.281,-120.309,321.4,1,1,2018-09-07,1010,A,100,6.0NRT,289.3,20.3,N
48.291,-120.444,312.4,1,1,2018-09-07,1010,A,58,6.0NRT,284.6,13.6,N
48.282,-120.452,301.3,1,1,2018-09-07,1010,A,39,6.0NRT,282.2,7.8,N
47.858,-120.597,317.8,1,1,2018-09-07,1010,A,96,6.0NRT,285.7,18.6,N
47.014,-121.701,306.8,1,1,2018-09-07,1010,A,69,6.0NRT,283.4,10.6,N
45.006,-111.126,303.3,2.5,1.5,2018-09-07,1010,A,54,6.0NRT,281.2,33.7,N
44.999,-111.095,325.7,2.5,1.5,2018-09-07,1010,A,100,6.0NRT,283.8,104.5,N
45.004,-111.097,327.8,2.5,1.5,2018-09-07,1010,A,100,6.0NRT,284.3,111.5,N
43.463,-115.007,314.2,1.7,1.3,2018-09-07,1010,A,89,6.0NRT,286,32.6,N
42.914,-122.632,301.1,1,1,2018-09-07,1010,A,35,6.0NRT,287.6,5.5,N
42.869,-122.712,319,1,1,2018-09-07,1010,A,98,6.0NRT,288.3,19,N
42.547,-123.93,326.9,1,1,2018-09-07,1010,A,100,6.0NRT,279.9,29.1,N
42.546,-123.917,349.8,1,1,2018-09-07,1010,A,100,6.0NRT,282,68.8,N
42.538,-123.932,321.4,1,1,2018-09-07,1010,A,100,6.0NRT,279.7,22.7,N
42.53,-123.871,320.4,1,1,2018-09-07,1010,A,89,6.0NRT,280.8,20.4,N
42.523,-123.885,314.8,1,1,2018-09-07,1010,A,48,6.0NRT,277.4,14.8,N
42.521,-123.873,309.3,1,1,2018-09-07,1010,A,35,6.0NRT,276.4,11,N
42.499,-123.917,315.2,1,1,2018-09-07,1010,A,84,6.0NRT,280.2,16.2,N
42.492,-123.932,307.6,1,1,2018-09-07,1010,A,71,6.0NRT,278,10.8,N
42.49,-123.919,308.4,1,1,2018-09-07,1010,A,69,6.0NRT,280,11.7,N
42.458,-123.816,320.5,1,1,2018-09-07,1010,A,100,6.0NRT,275.2,23.1,N
42.457,-123.803,303.4,1,1,2018-09-07,1010,A,55,6.0NRT,275.6,9,N
42.429,-124.094,336.8,1.1,1,2018-09-07,1010,A,100,6.0NRT,285.4,43.4,N
42.428,-124.081,327.3,1.1,1,2018-09-07,1010,A,99,6.0NRT,283.5,28.1,N
42.426,-124.069,339.6,1.1,1,2018-09-07,1010,A,100,6.0NRT,285.8,47.1,N
41.867,-123.598,304.2,1,1,2018-09-07,1010,A,25,6.0NRT,285.9,6.6,N
41.816,-123.561,310.9,1,1,2018-09-07,1010,A,49,6.0NRT,288.2,10.7,N
41.814,-123.549,321.5,1,1,2018-09-07,1010,A,100,6.0NRT,289.5,20.1,N
41.812,-123.537,316.4,1,1,2018-09-07,1010,A,93,6.0NRT,288.9,15.8,N
41.052,-122.531,314.3,1,1,2018-09-07,1010,A,39,6.0NRT,282.2,13.5,N
41.05,-122.52,322.6,1,1,2018-09-07,1010,A,53,6.0NRT,281.2,20.1,N
41.036,-122.426,311.2,1,1,2018-09-07,1010,A,51,6.0NRT,286.5,10.5,N
41.034,-122.414,362.1,1,1,2018-09-07,1010,A,100,6.0NRT,290.9,92.2,N
41.033,-122.403,378.6,1,1,2018-09-07,1010,A,100,6.0NRT,295.1,147.8,N
41.043,-122.534,316.1,1,1,2018-09-07,1010,A,29,6.0NRT,286.1,13.9,N
41.031,-122.452,320.9,1,1,2018-09-07,1010,A,0,6.0NRT,288.6,18.5,N
41.029,-122.44,342.7,1,1,2018-09-07,1010,A,100,6.0NRT,292.1,47.4,N
41.027,-122.428,329.7,1,1,2018-09-07,1010,A,97,6.0NRT,289.8,28.1,N
41.026,-122.417,382.6,1,1,2018-09-07,1010,A,100,6.0NRT,291.4,163.8,N
41.024,-122.405,389.2,1,1,2018-09-07,1010,A,100,6.0NRT,294.2,194,N
41.039,-122.571,308.4,1,1,2018-09-07,1010,A,74,6.0NRT,289.4,9.7,N
41.037,-122.559,331.2,1,1,2018-09-07,1010,A,100,6.0NRT,291.5,30.5,N
41.036,-122.548,324.6,1,1,2018-09-07,1010,A,58,6.0NRT,291.4,20.8,N
41.018,-122.431,328.9,1,1,2018-09-07,1010,A,100,6.0NRT,286.5,28.2,N
41.017,-122.419,310.9,1,1,2018-09-07,1010,A,45,6.0NRT,285,9.5,N
41.015,-122.407,320.7,1,1,2018-09-07,1010,A,100,6.0NRT,284,17.2,N
41.013,-122.396,336.5,1,1,2018-09-07,1010,A,93,6.0NRT,286.2,35.3,N
41.011,-122.384,343.7,1,1,2018-09-07,1010,A,100,6.0NRT,286.6,48.2,N
41.008,-122.36,314,1,1,2018-09-07,1010,A,63,6.0NRT,282.4,11.9,N
41.03,-122.573,310.8,1,1,2018-09-07,1010,A,73,6.0NRT,289.7,10.5,N
41.029,-122.562,319.9,1,1,2018-09-07,1010,A,30,6.0NRT,292.1,16.6,N
41.008,-122.421,314.6,1,1,2018-09-07,1010,A,65,6.0NRT,283,13,N
41.006,-122.409,313.8,1,1,2018-09-07,1010,A,41,6.0NRT,282.5,11.3,N
41.004,-122.398,320.5,1,1,2018-09-07,1010,A,24,6.0NRT,282.7,15.6,N
41.003,-122.386,320.3,1,1,2018-09-07,1010,A,40,6.0NRT,284.1,15.9,N
40.999,-122.363,311.1,1,1,2018-09-07,1010,A,44,6.0NRT,282,9.8,N
41.02,-122.564,326.2,1,1,2018-09-07,1010,A,73,6.0NRT,290.9,23.6,N
40.99,-122.365,325.6,1,1,2018-09-07,1010,A,100,6.0NRT,284.1,23.4,N
41.011,-122.566,320.9,1,1,2018-09-07,1010,A,100,6.0NRT,288.8,19,N
41.009,-122.554,316.1,1,1,2018-09-07,1010,A,44,6.0NRT,289.6,13.7,N
41.007,-122.543,318.3,1,1,2018-09-07,1010,A,59,6.0NRT,289.3,15.3,N
40.995,-122.527,318,1,1,2018-09-07,1010,A,96,6.0NRT,288.3,16.9,N
40.993,-122.516,326.7,1,1,2018-09-07,1010,A,100,6.0NRT,291.5,26.2,N
40.984,-122.518,334.9,1,1,2018-09-07,1010,A,100,6.0NRT,287.7,36.4,N
40.982,-122.506,333.9,1,1,2018-09-07,1010,A,94,6.0NRT,291,33.6,N
40.981,-122.494,324.1,1,1,2018-09-07,1010,A,86,6.0NRT,290.6,21.6,N
40.974,-122.508,320,1,1,2018-09-07,1010,A,12,6.0NRT,287.7,15.8,N
40.972,-122.497,326.3,1,1,2018-09-07,1010,A,76,6.0NRT,289.9,22.7,N
40.963,-122.499,315.8,1,1,2018-09-07,1010,A,3,6.0NRT,286,12.3,N
40.954,-122.501,309.3,1,1,2018-09-07,1010,A,14,6.0NRT,284,8.6,N
40.952,-122.49,349.4,1,1,2018-09-07,1010,A,100,6.0NRT,290.2,60.5,N
40.951,-122.478,316.3,1,1,2018-09-07,1010,A,56,6.0NRT,286.6,13.7,N
40.942,-122.419,306.1,1,1,2018-09-07,1010,A,56,6.0NRT,275,8.1,N
40.94,-122.408,325.6,1,1,2018-09-07,1010,A,100,6.0NRT,275,25.1,N
40.944,-122.492,305.5,1,1,2018-09-07,1010,A,19,6.0NRT,286.2,6.7,N
39.436,-122.737,301.3,1,1,2018-09-07,1015,A,38,6.0NRT,286,5.7,N
39.429,-122.751,325.9,1,1,2018-09-07,1015,A,100,6.0NRT,288.4,25.2,N
39.427,-122.739,310.5,1,1,2018-09-07,1015,A,80,6.0NRT,288.5,11,N
39.424,-122.716,323.5,1,1,2018-09-07,1015,A,100,6.0NRT,287.9,22.6,N
39.415,-122.718,312.3,1,1,2018-09-07,1015,A,85,6.0NRT,287.6,12.6,N
30.324,-91.227,311.6,1,1,2018-09-07,0420,T,39,6.0NRT,292.1,8.3,N
30.323,-91.238,360.9,1,1,2018-09-07,0420,T,100,6.0NRT,293.2,91.2,N
30.321,-91.249,303.1,1,1,2018-09-07,0420,T,21,6.0NRT,291.6,3.3,N
30.332,-91.24,307.2,1,1,2018-09-07,0420,T,71,6.0NRT,291.6,6.1,N
31.668,-95.32,308.5,1.1,1.1,2018-09-07,0420,T,75,6.0NRT,292.5,8.2,N
31.674,-95.316,313.5,1.1,1.1,2018-09-07,0420,T,87,6.0NRT,292.9,12.8,N
31.672,-95.327,303.9,1.1,1.1,2018-09-07,0420,T,57,6.0NRT,292.3,5,N
33.664,-96.024,314.7,1.1,1.1,2018-09-07,0420,T,90,6.0NRT,280.5,16.8,N
33.673,-96.026,316.5,1.1,1.1,2018-09-07,0420,T,93,6.0NRT,280.5,18.8,N
33.671,-96.038,303.2,1.1,1.1,2018-09-07,0420,T,53,6.0NRT,281.9,6.5,N
47.491,-113.225,322.7,4.2,1.9,2018-09-07,0425,T,100,6.0NRT,280.8,190.6,N
47.513,-113.169,302.1,4.2,1.9,2018-09-07,0425,T,46,6.0NRT,281.7,60.4,N
47.494,-113.232,321.6,4.2,1.9,2018-09-07,0425,T,100,6.0NRT,279.7,182.9,N
49.518,-114.831,302.1,4.3,1.9,2018-09-07,0425,T,46,6.0NRT,283.8,54.9,N
45.437,-73.294,305.2,1.5,1.2,2018-09-07,1620,T,43,6.0NRT,294.2,5.9,D
46.579,-80.791,317.7,1,1,2018-09-07,1620,T,78,6.0NRT,297.8,13.6,D
45.349,-75.32,306.1,1.2,1.1,2018-09-07,1620,T,40,6.0NRT,287,9,D
38.411,-82.473,316.2,1,1,2018-09-07,1620,T,21,6.0NRT,298.9,7.4,D
37.147,-76.893,310.9,1.5,1.2,2018-09-07,1620,T,45,6.0NRT,293.4,10.7,D
37.231,-82.038,312.3,1,1,2018-09-07,1620,T,67,6.0NRT,294.4,6.9,D
36.608,-78.347,336.8,1.3,1.1,2018-09-07,1620,T,64,6.0NRT,290.4,51.4,D
36.645,-79.857,315,1.1,1.1,2018-09-07,1620,T,45,6.0NRT,297.5,9.1,D
35.839,-76.186,313.9,1.8,1.3,2018-09-07,1620,T,46,6.0NRT,299.4,12.7,D
35.778,-76.171,316.5,1.8,1.3,2018-09-07,1620,T,32,6.0NRT,301.5,17.3,D
35.965,-80.464,316.3,1.1,1,2018-09-07,1620,T,71,6.0NRT,300.2,9,D
35.097,-80.099,313.9,1.1,1.1,2018-09-07,1620,T,45,6.0NRT,297.8,7.8,D
35.095,-80.087,319.8,1.1,1.1,2018-09-07,1620,T,71,6.0NRT,299.4,14.3,D
35.94,-89.713,308.4,2,1.4,2018-09-07,1620,T,24,6.0NRT,287.8,10.1,D
34.36,-80.419,320,1.1,1.1,2018-09-07,1620,T,62,6.0NRT,304,11.5,D
33.668,-96.025,308.2,1.3,1.1,2018-09-07,0835,A,74,6.0NRT,290.4,11,N
39.436,-122.737,301.3,1,1,2018-09-07,1015,A,38,6.0NRT,286,5.7,N
39.429,-122.751,325.9,1,1,2018-09-07,1015,A,100,6.0NRT,288.4,25.2,N
39.427,-122.739,310.5,1,1,2018-09-07,1015,A,80,6.0NRT,288.5,11,N
39.424,-122.716,323.5,1,1,2018-09-07,1015,A,100,6.0NRT,287.9,22.6,N
39.415,-122.718,312.3,1,1,2018-09-07,1015,A,85,6.0NRT,287.6,12.6,N
49.513,-114.833,323.1,1.3,1.1,2018-09-07,1010,A,100,6.0NRT,285.4,33.7,N
49.486,-114.855,323.4,1.3,1.1,2018-09-07,1010,A,100,6.0NRT,282,34.2,N
49.688,-118.182,304.9,1,1,2018-09-07,1010,A,62,6.0NRT,286.4,8.7,N
49.679,-118.185,301.3,1,1,2018-09-07,1010,A,36,6.0NRT,285,6.4,N
49.518,-118.004,314.8,1,1,2018-09-07,1010,A,78,6.0NRT,286.6,14.8,N
49.507,-117.993,323.5,1,1,2018-09-07,1010,A,100,6.0NRT,289,23.5,N
49.505,-117.98,306.7,1,1,2018-09-07,1010,A,59,6.0NRT,287.2,9.4,N
49.498,-117.996,322.6,1,1,2018-09-07,1010,A,98,6.0NRT,288.3,21.1,N
49.494,-117.969,315.5,1,1,2018-09-07,1010,A,38,6.0NRT,289,15.1,N
49.487,-117.979,322.8,1,1,2018-09-07,1010,A,100,6.0NRT,290.7,23,N
49.485,-117.965,310.7,1,1,2018-09-07,1010,A,54,6.0NRT,286.5,12.1,N
49.479,-117.982,307.7,1,1,2018-09-07,1010,A,72,6.0NRT,285.8,11,N
49.403,-117.864,304.5,1,1,2018-09-07,1010,A,54,6.0NRT,281.5,8.6,N
49.401,-117.85,326.8,1,1,2018-09-07,1010,A,100,6.0NRT,286,28.4,N
49.392,-117.853,323.7,1,1,2018-09-07,1010,A,100,6.0NRT,287.7,24.2,N
49.389,-117.84,310.5,1,1,2018-09-07,1010,A,20,6.0NRT,286.1,11.5,N
49.387,-117.826,305.9,1,1,2018-09-07,1010,A,56,6.0NRT,283.4,9.6,N
49.376,-117.816,315.7,1,1,2018-09-07,1010,A,41,6.0NRT,285,15.7,N
49.362,-117.84,326.5,1,1,2018-09-07,1010,A,100,6.0NRT,289.1,27.9,N
49.359,-117.826,305.4,1,1,2018-09-07,1010,A,35,6.0NRT,287,8.3,N
49.153,-116.882,306.7,1.1,1,2018-09-07,1010,A,69,6.0NRT,282.7,12,N
48.581,-114.007,306.3,1.4,1.2,2018-09-07,1010,A,68,6.0NRT,281.2,17.8,N
48.588,-114.012,305.3,1.4,1.2,2018-09-07,1010,A,64,6.0NRT,280.7,16.5,N
48.616,-115.523,313.8,1.2,1.1,2018-09-07,1010,A,88,6.0NRT,287.4,19,N
48.607,-115.527,311.4,1.2,1.1,2018-09-07,1010,A,62,6.0NRT,286.9,15.5,N
48.604,-115.511,322.9,1.2,1.1,2018-09-07,1010,A,100,6.0NRT,288.1,29.5,N
48.594,-115.514,305.2,1.2,1.1,2018-09-07,1010,A,41,6.0NRT,285.7,10.2,N
49.291,-120.248,318.2,1,1,2018-09-07,1010,A,96,6.0NRT,282,19.3,N
49.284,-120.264,325.9,1,1,2018-09-07,1010,A,100,6.0NRT,283.7,26.6,N
49.282,-120.251,331.4,1,1,2018-09-07,1010,A,100,6.0NRT,286.3,33.5,N
49.236,-119.927,309.6,1,1,2018-09-07,1010,A,78,6.0NRT,287,11.3,N
49.276,-120.274,300.6,1,1,2018-09-07,1010,A,28,6.0NRT,280.4,7.2,N
49.194,-119.892,318.3,1,1,2018-09-07,1010,A,97,6.0NRT,288.5,18.3,N
49.185,-119.895,311.1,1,1,2018-09-07,1010,A,82,6.0NRT,286.2,12.8,N
49.208,-120.183,307,1,1,2018-09-07,1010,A,70,6.0NRT,279.4,11.3,N
49.206,-120.169,307.5,1,1,2018-09-07,1010,A,72,6.0NRT,280.4,11.4,N
49.213,-120.28,305.2,1,1,2018-09-07,1010,A,63,6.0NRT,280.1,10.5,N
49.223,-120.418,303.9,1,1,2018-09-07,1010,A,58,6.0NRT,281.1,9.4,N
49.221,-120.405,308,1,1,2018-09-07,1010,A,73,6.0NRT,280,12.2,N
49.182,-120.191,305.5,1,1,2018-09-07,1010,A,65,6.0NRT,282.3,9.9,N
49.17,-120.243,364.2,1,1,2018-09-07,1010,A,100,6.0NRT,284.9,101.6,N
49.168,-120.23,355.4,1,1,2018-09-07,1010,A,100,6.0NRT,287.6,77.9,N
49.189,-120.449,304.4,1,1,2018-09-07,1010,A,60,6.0NRT,279.4,9,N
49.171,-120.384,309.6,1,1,2018-09-07,1010,A,78,6.0NRT,279.8,12.9,N
49.169,-120.371,302.7,1,1,2018-09-07,1010,A,51,6.0NRT,282.2,8.5,N
49.039,-119.85,300.4,1,1,2018-09-07,1010,A,26,6.0NRT,280.9,7.1,N
49.037,-119.837,328.2,1,1,2018-09-07,1010,A,100,6.0NRT,284.5,29.9,N
49.01,-119.839,318.7,1,1,2018-09-07,1010,A,97,6.0NRT,285.4,19.4,N
49.171,-121.119,300.1,1,1,2018-09-07,1010,A,16,6.0NRT,285.3,6.5,N
47.774,-113.156,300.1,1.6,1.3,2018-09-07,1010,A,15,6.0NRT,282.5,12.4,N
49.091,-121.077,300,1,1,2018-09-07,1010,A,2,6.0NRT,286.1,5.3,N
47.498,-113.205,311.8,1.6,1.3,2018-09-07,1010,A,83,6.0NRT,282.7,29.1,N
48.298,-117.474,301.1,1.1,1,2018-09-07,1010,A,38,6.0NRT,288.6,6.9,N
48.723,-120.294,301.7,1,1,2018-09-07,1010,A,43,6.0NRT,283.2,8.1,N
48.72,-120.464,300.3,1,1,2018-09-07,1010,A,24,6.0NRT,286.5,6.1,N
48.709,-120.453,304.3,1,1,2018-09-07,1010,A,59,6.0NRT,283.4,8.6,N
48.433,-120.6,300.9,1,1,2018-09-07,1010,A,25,6.0NRT,282.6,6.6,N
48.431,-120.587,300.4,1,1,2018-09-07,1010,A,17,6.0NRT,284.7,6.2,N
48.314,-120.478,310.8,1,1,2018-09-07,1010,A,81,6.0NRT,283.8,13.5,N
48.299,-120.372,303,1,1,2018-09-07,1010,A,53,6.0NRT,285.4,8,N
48.297,-120.359,322,1,1,2018-09-07,1010,A,100,6.0NRT,288.2,22,N
48.293,-120.333,301.1,1,1,2018-09-07,1010,A,30,6.0NRT,285.2,6,N
48.298,-120.428,300,1,1,2018-09-07,1010,A,6,6.0NRT,282.8,5.9,N
48.292,-120.388,319.9,1,1,2018-09-07,1010,A,99,6.0NRT,286.4,20.5,N
48.29,-120.375,323.1,1,1,2018-09-07,1010,A,100,6.0NRT,287.5,23.3,N
48.288,-120.362,319.7,1,1,2018-09-07,1010,A,91,6.0NRT,285.7,19,N
48.283,-120.322,311.2,1,1,2018-09-07,1010,A,52,6.0NRT,286.9,11.6,N
48.281,-120.309,321.4,1,1,2018-09-07,1010,A,100,6.0NRT,289.3,20.3,N
48.291,-120.444,312.4,1,1,2018-09-07,1010,A,58,6.0NRT,284.6,13.6,N
48.282,-120.452,301.3,1,1,2018-09-07,1010,A,39,6.0NRT,282.2,7.8,N
47.858,-120.597,317.8,1,1,2018-09-07,1010,A,96,6.0NRT,285.7,18.6,N
47.014,-121.701,306.8,1,1,2018-09-07,1010,A,69,6.0NRT,283.4,10.6,N
45.006,-111.126,303.3,2.5,1.5,2018-09-07,1010,A,54,6.0NRT,281.2,33.7,N
44.999,-111.095,325.7,2.5,1.5,2018-09-07,1010,A,100,6.0NRT,283.8,104.5,N
45.004,-111.097,327.8,2.5,1.5,2018-09-07,1010,A,100,6.0NRT,284.3,111.5,N
43.463,-115.007,314.2,1.7,1.3,2018-09-07,1010,A,89,6.0NRT,286,32.6,N
42.914,-122.632,301.1,1,1,2018-09-07,1010,A,35,6.0NRT,287.6,5.5,N
42.869,-122.712,319,1,1,2018-09-07,1010,A,98,6.0NRT,288.3,19,N
42.547,-123.93,326.9,1,1,2018-09-07,1010,A,100,6.0NRT,279.9,29.1,N
42.546,-123.917,349.8,1,1,2018-09-07,1010,A,100,6.0NRT,282,68.8,N
42.538,-123.932,321.4,1,1,2018-09-07,1010,A,100,6.0NRT,279.7,22.7,N
42.53,-123.871,320.4,1,1,2018-09-07,1010,A,89,6.0NRT,280.8,20.4,N
42.523,-123.885,314.8,1,1,2018-09-07,1010,A,48,6.0NRT,277.4,14.8,N
42.521,-123.873,309.3,1,1,2018-09-07,1010,A,35,6.0NRT,276.4,11,N
42.499,-123.917,315.2,1,1,2018-09-07,1010,A,84,6.0NRT,280.2,16.2,N
42.492,-123.932,307.6,1,1,2018-09-07,1010,A,71,6.0NRT,278,10.8,N
42.49,-123.919,308.4,1,1,2018-09-07,1010,A,69,6.0NRT,280,11.7,N
42.458,-123.816,320.5,1,1,2018-09-07,1010,A,100,6.0NRT,275.2,23.1,N
42.457,-123.803,303.4,1,1,2018-09-07,1010,A,55,6.0NRT,275.6,9,N
42.429,-124.094,336.8,1.1,1,2018-09-07,1010,A,100,6.0NRT,285.4,43.4,N
42.428,-124.081,327.3,1.1,1,2018-09-07,1010,A,99,6.0NRT,283.5,28.1,N
42.426,-124.069,339.6,1.1,1,2018-09-07,1010,A,100,6.0NRT,285.8,47.1,N
41.867,-123.598,304.2,1,1,2018-09-07,1010,A,25,6.0NRT,285.9,6.6,N
41.816,-123.561,310.9,1,1,2018-09-07,1010,A,49,6.0NRT,288.2,10.7,N
41.814,-123.549,321.5,1,1,2018-09-07,1010,A,100,6.0NRT,289.5,20.1,N
41.812,-123.537,316.4,1,1,2018-09-07,1010,A,93,6.0NRT,288.9,15.8,N
41.052,-122.531,314.3,1,1,2018-09-07,1010,A,39,6.0NRT,282.2,13.5,N
41.05,-122.52,322.6,1,1,2018-09-07,1010,A,53,6.0NRT,281.2,20.1,N
41.036,-122.426,311.2,1,1,2018-09-07,1010,A,51,6.0NRT,286.5,10.5,N
41.034,-122.414,362.1,1,1,2018-09-07,1010,A,100,6.0NRT,290.9,92.2,N
41.033,-122.403,378.6,1,1,2018-09-07,1010,A,100,6.0NRT,295.1,147.8,N
41.043,-122.534,316.1,1,1,2018-09-07,1010,A,29,6.0NRT,286.1,13.9,N
41.031,-122.452,320.9,1,1,2018-09-07,1010,A,0,6.0NRT,288.6,18.5,N
41.029,-122.44,342.7,1,1,2018-09-07,1010,A,100,6.0NRT,292.1,47.4,N
41.027,-122.428,329.7,1,1,2018-09-07,1010,A,97,6.0NRT,289.8,28.1,N
41.026,-122.417,382.6,1,1,2018-09-07,1010,A,100,6.0NRT,291.4,163.8,N
41.024,-122.405,389.2,1,1,2018-09-07,1010,A,100,6.0NRT,294.2,194,N
41.039,-122.571,308.4,1,1,2018-09-07,1010,A,74,6.0NRT,289.4,9.7,N
41.037,-122.559,331.2,1,1,2018-09-07,1010,A,100,6.0NRT,291.5,30.5,N
41.036,-122.548,324.6,1,1,2018-09-07,1010,A,58,6.0NRT,291.4,20.8,N
41.018,-122.431,328.9,1,1,2018-09-07,1010,A,100,6.0NRT,286.5,28.2,N
41.017,-122.419,310.9,1,1,2018-09-07,1010,A,45,6.0NRT,285,9.5,N
41.015,-122.407,320.7,1,1,2018-09-07,1010,A,100,6.0NRT,284,17.2,N
41.013,-122.396,336.5,1,1,2018-09-07,1010,A,93,6.0NRT,286.2,35.3,N
41.011,-122.384,343.7,1,1,2018-09-07,1010,A,100,6.0NRT,286.6,48.2,N
41.008,-122.36,314,1,1,2018-09-07,1010,A,63,6.0NRT,282.4,11.9,N
41.03,-122.573,310.8,1,1,2018-09-07,1010,A,73,6.0NRT,289.7,10.5,N
41.029,-122.562,319.9,1,1,2018-09-07,1010,A,30,6.0NRT,292.1,16.6,N
41.008,-122.421,314.6,1,1,2018-09-07,1010,A,65,6.0NRT,283,13,N
41.006,-122.409,313.8,1,1,2018-09-07,1010,A,41,6.0NRT,282.5,11.3,N
41.004,-122.398,320.5,1,1,2018-09-07,1010,A,24,6.0NRT,282.7,15.6,N
41.003,-122.386,320.3,1,1,2018-09-07,1010,A,40,6.0NRT,284.1,15.9,N
40.999,-122.363,311.1,1,1,2018-09-07,1010,A,44,6.0NRT,282,9.8,N
41.02,-122.564,326.2,1,1,2018-09-07,1010,A,73,6.0NRT,290.9,23.6,N
40.99,-122.365,325.6,1,1,2018-09-07,1010,A,100,6.0NRT,284.1,23.4,N
41.011,-122.566,320.9,1,1,2018-09-07,1010,A,100,6.0NRT,288.8,19,N
41.009,-122.554,316.1,1,1,2018-09-07,1010,A,44,6.0NRT,289.6,13.7,N
41.007,-122.543,318.3,1,1,2018-09-07,1010,A,59,6.0NRT,289.3,15.3,N
40.995,-122.527,318,1,1,2018-09-07,1010,A,96,6.0NRT,288.3,16.9,N
40.993,-122.516,326.7,1,1,2018-09-07,1010,A,100,6.0NRT,291.5,26.2,N
40.984,-122.518,334.9,1,1,2018-09-07,1010,A,100,6.0NRT,287.7,36.4,N
40.982,-122.506,333.9,1,1,2018-09-07,1010,A,94,6.0NRT,291,33.6,N
40.981,-122.494,324.1,1,1,2018-09-07,1010,A,86,6.0NRT,290.6,21.6,N
40.974,-122.508,320,1,1,2018-09-07,1010,A,12,6.0NRT,287.7,15.8,N
40.972,-122.497,326.3,1,1,2018-09-07,1010,A,76,6.0NRT,289.9,22.7,N
40.963,-122.499,315.8,1,1,2018-09-07,1010,A,3,6.0NRT,286,12.3,N
40.954,-122.501,309.3,1,1,2018-09-07,1010,A,14,6.0NRT,284,8.6,N
40.952,-122.49,349.4,1,1,2018-09-07,1010,A,100,6.0NRT,290.2,60.5,N
40.951,-122.478,316.3,1,1,2018-09-07,1010,A,56,6.0NRT,286.6,13.7,N
40.942,-122.419,306.1,1,1,2018-09-07,1010,A,56,6.0NRT,275,8.1,N
40.94,-122.408,325.6,1,1,2018-09-07,1010,A,100,6.0NRT,275,25.1,N
40.944,-122.492,305.5,1,1,2018-09-07,1010,A,19,6.0NRT,286.2,6.7,N
24.129,-99.197,304.7,1.3,1.1,2018-09-07,0840,A,61,6.0NRT,290.2,7.3,N
24.129,-99.203,302.5,1.3,1.1,2018-09-07,0840,A,49,6.0NRT,290.2,5.4,N
24.041,-99.106,300.2,1.3,1.1,2018-09-07,0840,A,22,6.0NRT,289,4.1,N
48.264,-116.112,302.9,1.6,1.2,2018-09-07,0605,T,50,6.0NRT,289.1,11.4,N
48.265,-116.099,301.5,1.6,1.2,2018-09-07,0605,T,41,6.0NRT,289.4,11,N
47.858,-120.601,317,1.1,1,2018-09-07,0605,T,94,6.0NRT,284.6,18.6,N
47.578,-123.184,304.5,1,1,2018-09-07,0605,T,60,6.0NRT,287.3,7.3,N
47.586,-123.187,302.3,1,1,2018-09-07,0605,T,48,6.0NRT,287.4,5.9,N
48.583,-114.022,305.9,2,1.4,2018-09-07,0605,T,66,6.0NRT,284.8,26,N
48.297,-117.479,300.5,1.4,1.2,2018-09-07,0605,T,29,6.0NRT,289.8,8.2,N
48.584,-114.028,301.7,2,1.4,2018-09-07,0605,T,33,6.0NRT,284.3,17.1,N
48.56,-115.554,302.6,1.7,1.3,2018-09-07,0605,T,50,6.0NRT,288.2,12.8,N
48.594,-115.526,309,1.7,1.3,2018-09-07,0605,T,42,6.0NRT,289,20.3,N
48.606,-115.529,321.3,1.7,1.3,2018-09-07,0605,T,100,6.0NRT,289.8,42.5,N
48.617,-115.531,306.7,1.7,1.3,2018-09-07,0605,T,22,6.0NRT,288.3,17.2,N
48.288,-120.296,306.8,1.1,1,2018-09-07,0605,T,53,6.0NRT,286.6,9.5,N
48.289,-120.446,301.6,1.1,1,2018-09-07,0605,T,17,6.0NRT,279.4,7.4,N
48.288,-120.461,306.3,1.1,1,2018-09-07,0605,T,45,6.0NRT,282,10.7,N
48.313,-120.482,315.8,1.1,1,2018-09-07,0605,T,92,6.0NRT,284,18.5,N
48.429,-120.594,313.2,1.1,1,2018-09-07,0605,T,87,6.0NRT,286.7,15.2,N
48.428,-120.608,310.1,1.1,1,2018-09-07,0605,T,79,6.0NRT,284.9,12.8,N
48.435,-120.603,312.4,1.1,1,2018-09-07,0605,T,85,6.0NRT,283.6,15.6,N
48.713,-120.454,307.9,1.1,1,2018-09-07,0605,T,73,6.0NRT,284.4,10.9,N
48.711,-120.467,306.1,1.1,1,2018-09-07,0605,T,67,6.0NRT,287.2,9.3,N
48.721,-120.469,307,1.1,1,2018-09-07,0605,T,40,6.0NRT,288,9.5,N
49.149,-116.892,301.3,1.5,1.2,2018-09-07,0605,T,39,6.0NRT,284.4,11.6,N
49.002,-119.845,319.6,1.1,1.1,2018-09-07,0605,T,99,6.0NRT,287.3,23.6,N
49.012,-119.845,314.7,1.1,1.1,2018-09-07,0605,T,69,6.0NRT,284.4,17.3,N
49.479,-114.866,307.9,1.9,1.3,2018-09-07,0605,T,73,6.0NRT,283.9,26,N
49.491,-114.868,307.5,1.9,1.3,2018-09-07,0605,T,59,6.0NRT,283,24,N
49.033,-119.836,304.5,1.1,1.1,2018-09-07,0605,T,29,6.0NRT,284.7,9.4,N
49.042,-119.839,313.6,1.1,1.1,2018-09-07,0605,T,83,6.0NRT,282.9,17.2,N
49.04,-119.856,302.7,1.1,1.1,2018-09-07,0605,T,19,6.0NRT,280.8,8.6,N
49.518,-114.841,304.9,1.9,1.3,2018-09-07,0605,T,62,6.0NRT,283.8,21.7,N
49.355,-117.843,325.1,1.4,1.2,2018-09-07,0605,T,100,6.0NRT,291.1,36.9,N
49.354,-117.86,307.8,1.4,1.2,2018-09-07,0605,T,54,6.0NRT,289.3,13,N
49.379,-117.817,319,1.4,1.2,2018-09-07,0605,T,90,6.0NRT,286.3,27.6,N
49.377,-117.834,324.8,1.4,1.2,2018-09-07,0605,T,94,6.0NRT,288.2,35.6,N
49.374,-117.82,315.7,1.4,1.2,2018-09-07,0605,T,84,6.0NRT,288.1,24.1,N
49.373,-117.838,304.7,1.4,1.2,2018-09-07,0605,T,20,6.0NRT,287.7,11,N
49.385,-117.824,320.5,1.4,1.2,2018-09-07,0605,T,100,6.0NRT,285.2,31.5,N
49.383,-117.84,313.8,1.4,1.2,2018-09-07,0605,T,84,6.0NRT,287.6,21.5,N
49.381,-117.858,314,1.4,1.2,2018-09-07,0605,T,88,6.0NRT,288.9,20.9,N
49.392,-117.861,315.5,1.4,1.2,2018-09-07,0605,T,91,6.0NRT,287.7,24,N
49.402,-117.865,312.4,1.4,1.2,2018-09-07,0605,T,85,6.0NRT,284.2,21.3,N
49.191,-119.885,325.6,1.1,1.1,2018-09-07,0605,T,100,6.0NRT,290.5,29.8,N
49.189,-119.903,345.8,1.1,1.1,2018-09-07,0605,T,100,6.0NRT,290.6,66.6,N
49.15,-120.237,304.3,1.1,1,2018-09-07,0605,T,44,6.0NRT,284.1,8.6,N
49.169,-120.244,307.8,1.1,1,2018-09-07,0605,T,57,6.0NRT,284.1,11.3,N
49.171,-120.384,314.4,1.1,1,2018-09-07,0605,T,89,6.0NRT,284.5,17.9,N
49.083,-121.107,308.6,1.1,1,2018-09-07,0605,T,57,6.0NRT,289,9.7,N
49.234,-119.93,316.4,1.1,1.1,2018-09-07,0605,T,93,6.0NRT,289.8,18.1,N
49.205,-120.178,314.2,1.1,1.1,2018-09-07,0605,T,89,6.0NRT,281.6,18.3,N
49.244,-119.934,306.2,1.1,1.1,2018-09-07,0605,T,51,6.0NRT,287.3,9.9,N
49.207,-120.294,318.9,1.1,1,2018-09-07,0605,T,98,6.0NRT,281.9,22.4,N
49.189,-120.442,310.8,1.1,1,2018-09-07,0605,T,62,6.0NRT,282.4,14,N
49.187,-120.457,306.5,1.1,1,2018-09-07,0605,T,63,6.0NRT,281.4,10.9,N
49.216,-120.296,305.3,1.1,1,2018-09-07,0605,T,64,6.0NRT,278,10.9,N
49.482,-117.984,309.9,1.3,1.2,2018-09-07,0605,T,79,6.0NRT,288.9,17,N
49.221,-120.421,309.4,1.1,1,2018-09-07,0605,T,70,6.0NRT,282.8,13.4,N
49.492,-117.985,316,1.3,1.2,2018-09-07,0605,T,89,6.0NRT,289.5,23.1,N
49.502,-117.988,320.6,1.3,1.2,2018-09-07,0605,T,80,6.0NRT,290.8,28.7,N
49.501,-118.004,330.8,1.3,1.1,2018-09-07,0605,T,100,6.0NRT,292.3,45.8,N
49.259,-120.261,301.4,1.1,1.1,2018-09-07,0605,T,41,6.0NRT,281.8,8.6,N
49.163,-121.123,301.7,1.1,1,2018-09-07,0605,T,43,6.0NRT,287.7,6.1,N
49.519,-118.031,300.5,1.3,1.1,2018-09-07,0605,T,6,6.0NRT,287,7,N
49.279,-120.25,315.4,1.1,1.1,2018-09-07,0605,T,86,6.0NRT,286,18.7,N
49.277,-120.266,324.3,1.1,1.1,2018-09-07,0605,T,100,6.0NRT,285.7,28.9,N
49.276,-120.28,303.5,1.1,1,2018-09-07,0605,T,49,6.0NRT,282.2,9.5,N
49.172,-121.127,333.2,1.1,1,2018-09-07,0605,T,100,6.0NRT,288.7,37.5,N
49.529,-118.032,303.4,1.3,1.1,2018-09-07,0605,T,37,6.0NRT,287.6,9.7,N
49.288,-120.253,325.4,1.1,1.1,2018-09-07,0605,T,100,6.0NRT,283.1,31,N
49.686,-118.189,305.1,1.3,1.1,2018-09-07,0605,T,63,6.0NRT,288.4,12,N
49.637,-122.578,303.6,1,1,2018-09-07,0605,T,56,6.0NRT,285.5,8.2,N
36.356,-76.809,303.9,1.1,1,2018-09-07,0655,A,58,6.0NRT,293.3,5.6,N
33.428,-85.498,306.1,3.2,1.7,2018-09-07,0655,A,67,6.0NRT,289.8,40.1,N
33.429,-85.503,306.9,3.2,1.7,2018-09-07,0655,A,70,6.0NRT,289.7,42.9,N
34.091,-117.534,304.8,1,1,2018-09-07,0600,T,62,6.0NRT,293,5.6,N
38.366,-119.374,328.8,1,1,2018-09-07,0600,T,100,6.0NRT,284.5,30.5,N
38.365,-119.386,316.9,1,1,2018-09-07,0600,T,94,6.0NRT,284.5,18.1,N
39.413,-122.72,334.2,1.1,1.1,2018-09-07,0600,T,100,6.0NRT,293,42,N
39.422,-122.722,316.7,1.1,1.1,2018-09-07,0600,T,79,6.0NRT,291.4,17,N
39.424,-122.742,310.3,1.1,1.1,2018-09-07,0600,T,78,6.0NRT,291.1,12.1,N
39.421,-122.755,322.3,1.1,1.1,2018-09-07,0600,T,100,6.0NRT,291.1,24.3,N
39.433,-122.744,311.2,1.1,1.1,2018-09-07,0600,T,82,6.0NRT,289.1,13.7,N
39.431,-122.757,308.4,1.1,1.1,2018-09-07,0600,T,75,6.0NRT,288.5,11.3,N
40.635,-123.508,309.9,1.2,1.1,2018-09-07,0600,T,60,6.0NRT,290.6,11.9,N
40.632,-123.521,309.1,1.2,1.1,2018-09-07,0600,T,29,6.0NRT,290.1,11,N
40.941,-122.409,327,1.1,1,2018-09-07,0600,T,100,6.0NRT,294.3,26.6,N
40.939,-122.422,319.6,1.1,1,2018-09-07,0600,T,99,6.0NRT,293.2,18.1,N
40.95,-122.411,318.4,1.1,1,2018-09-07,0600,T,97,6.0NRT,295,16.5,N
40.961,-122.401,304.1,1.1,1,2018-09-07,0600,T,8,6.0NRT,294,4.5,N
40.959,-122.414,316.6,1.1,1,2018-09-07,0600,T,93,6.0NRT,293.7,14.3,N
40.949,-122.476,307.5,1.1,1,2018-09-07,0600,T,46,6.0NRT,293.8,6.8,N
40.947,-122.488,398.3,1.1,1,2018-09-07,0600,T,100,6.0NRT,302.4,268.8,N
40.945,-122.5,335.8,1.1,1,2018-09-07,0600,T,100,6.0NRT,293.1,39.1,N
40.955,-122.484,379.5,1.1,1,2018-09-07,0600,T,100,6.0NRT,300.8,166.1,N
40.953,-122.495,407.1,1.1,1,2018-09-07,0600,T,100,6.0NRT,304.2,330.5,N
40.951,-122.508,303.3,1.1,1,2018-09-07,0600,T,9,6.0NRT,291.8,4.7,N
40.976,-122.412,310.6,1.1,1,2018-09-07,0600,T,38,6.0NRT,294.4,8.8,N
40.964,-122.486,313.1,1.1,1,2018-09-07,0600,T,83,6.0NRT,294.8,11,N
40.962,-122.498,338.6,1.1,1,2018-09-07,0600,T,100,6.0NRT,297,44.2,N
40.993,-122.365,331.1,1.1,1,2018-09-07,0600,T,100,6.0NRT,295.9,31.9,N
40.991,-122.377,336.2,1.1,1,2018-09-07,0600,T,100,6.0NRT,296.2,38.9,N
40.989,-122.389,318.3,1.1,1,2018-09-07,0600,T,67,6.0NRT,294.9,14.5,N
40.987,-122.402,314.8,1.1,1,2018-09-07,0600,T,71,6.0NRT,294.8,11.8,N
40.973,-122.488,311.1,1.1,1,2018-09-07,0600,T,75,6.0NRT,294,8.7,N
40.971,-122.5,344.4,1.1,1,2018-09-07,0600,T,100,6.0NRT,297.3,54.7,N
40.969,-122.512,341.2,1.1,1,2018-09-07,0600,T,100,6.0NRT,293.1,49.1,N
41.004,-122.355,302.5,1.1,1,2018-09-07,0600,T,7,6.0NRT,292.4,3.5,N
41.002,-122.368,372.9,1.1,1,2018-09-07,0600,T,100,6.0NRT,299.4,137.2,N
41,-122.38,323.4,1.1,1,2018-09-07,0600,T,87,6.0NRT,295.7,20,N
40.998,-122.392,320.1,1.1,1,2018-09-07,0600,T,97,6.0NRT,296.1,15.9,N
40.982,-122.492,323.1,1.1,1,2018-09-07,0600,T,100,6.0NRT,295,20.7,N
40.98,-122.504,344.6,1.1,1,2018-09-07,0600,T,100,6.0NRT,297.2,55.2,N
40.978,-122.516,320.6,1.1,1,2018-09-07,0600,T,100,6.0NRT,293.1,19.2,N
41.011,-122.37,318.6,1.1,1,2018-09-07,0600,T,97,6.0NRT,293.7,16.4,N
41.009,-122.383,319.3,1.1,1,2018-09-07,0600,T,70,6.0NRT,294.9,16.1,N
41.007,-122.395,350.5,1.1,1,2018-09-07,0600,T,100,6.0NRT,299.2,66,N
41.005,-122.408,349.7,1.1,1,2018-09-07,0600,T,100,6.0NRT,297.4,64,N
41.003,-122.42,335.3,1.1,1,2018-09-07,0600,T,100,6.0NRT,295.8,36.2,N
40.989,-122.506,317.9,1.1,1,2018-09-07,0600,T,84,6.0NRT,295.8,14.6,N
40.987,-122.518,341.2,1.1,1,2018-09-07,0600,T,100,6.0NRT,298.7,48.4,N
41.016,-122.398,345,1.1,1,2018-09-07,0600,T,100,6.0NRT,295.6,55.2,N
41.014,-122.41,328.7,1.1,1,2018-09-07,0600,T,91,6.0NRT,293.6,26.4,N
41.012,-122.422,334.4,1.1,1,2018-09-07,0600,T,100,6.0NRT,294.4,35.3,N
40.996,-122.52,324.8,1.1,1,2018-09-07,0600,T,100,6.0NRT,295.5,22.5,N
40.995,-122.532,328.2,1.1,1,2018-09-07,0600,T,100,6.0NRT,294.2,27.7,N
41.02,-122.436,342.3,1.1,1,2018-09-07,0600,T,100,6.0NRT,296.9,50.3,N
41.004,-122.535,309.9,1.1,1,2018-09-07,0600,T,23,6.0NRT,291,8.3,N
41.002,-122.547,321.4,1.1,1,2018-09-07,0600,T,100,6.0NRT,291.6,20.4,N
41.033,-122.415,327.3,1.1,1,2018-09-07,0600,T,100,6.0NRT,293.3,26.5,N
41.031,-122.427,339.4,1.1,1,2018-09-07,0600,T,100,6.0NRT,296.1,45.3,N
41.029,-122.439,344.1,1.1,1,2018-09-07,0600,T,100,6.0NRT,296.8,54.2,N
41.027,-122.451,333,1.1,1,2018-09-07,0600,T,100,6.0NRT,295.1,34.3,N
41.025,-122.463,323.1,1.1,1,2018-09-07,0600,T,96,6.0NRT,292.6,20.7,N
41.023,-122.475,336.2,1.1,1,2018-09-07,0600,T,100,6.0NRT,293.1,39.3,N
41.011,-122.551,327.4,1.1,1,2018-09-07,0600,T,95,6.0NRT,295.4,25.6,N
41.009,-122.563,318.2,1.1,1,2018-09-07,0600,T,71,6.0NRT,292.7,16.4,N
41.036,-122.453,322.3,1.1,1,2018-09-07,0600,T,94,6.0NRT,292.1,21.5,N
41.034,-122.465,318.2,1.1,1,2018-09-07,0600,T,56,6.0NRT,290.2,16.5,N
41.032,-122.477,321.7,1.1,1,2018-09-07,0600,T,87,6.0NRT,290.2,19.5,N
41.02,-122.554,326.3,1.1,1,2018-09-07,0600,T,85,6.0NRT,297.7,23.6,N
41.018,-122.567,339.5,1.1,1,2018-09-07,0600,T,100,6.0NRT,296.8,45.9,N
41.041,-122.479,332.8,1.1,1,2018-09-07,0600,T,98,6.0NRT,288.8,35,N
41.039,-122.492,328.8,1.1,1,2018-09-07,0600,T,96,6.0NRT,291.4,27.9,N
41.037,-122.506,325.8,1.1,1,2018-09-07,0600,T,100,6.0NRT,293.9,22,N
41.035,-122.518,313.1,1.1,1,2018-09-07,0600,T,67,6.0NRT,291.6,9.5,N
41.031,-122.543,334.5,1.1,1,2018-09-07,0600,T,100,6.0NRT,296,37.4,N
41.029,-122.556,347,1.1,1,2018-09-07,0600,T,100,6.0NRT,299.4,60.7,N
41.027,-122.569,345,1.1,1,2018-09-07,0600,T,100,6.0NRT,299,58.4,N
41.025,-122.582,305.3,1.1,1,2018-09-07,0600,T,64,6.0NRT,292.2,7,N
41.047,-122.487,350.2,1.1,1,2018-09-07,0600,T,100,6.0NRT,292.8,70.1,N
41.045,-122.5,337.8,1.1,1,2018-09-07,0600,T,100,6.0NRT,295.4,44.7,N
41.043,-122.513,333.9,1.1,1,2018-09-07,0600,T,100,6.0NRT,293.4,37.4,N
41.041,-122.525,319,1.1,1,2018-09-07,0600,T,88,6.0NRT,291.9,18.8,N
41.039,-122.538,331.1,1.1,1,2018-09-07,0600,T,100,6.0NRT,292.5,33.8,N
41.037,-122.55,331.1,1.1,1,2018-09-07,0600,T,100,6.0NRT,291.8,33.8,N
41.035,-122.563,342.8,1.1,1,2018-09-07,0600,T,100,6.0NRT,295.1,54,N
41.032,-122.576,328.7,1.1,1,2018-09-07,0600,T,100,6.0NRT,293,30.8,N
41.056,-122.49,301,1.1,1,2018-09-07,0600,T,22,6.0NRT,287.8,5.7,N
41.054,-122.503,319.5,1.1,1,2018-09-07,0600,T,99,6.0NRT,289.4,20.5,N
41.052,-122.515,313.2,1.1,1,2018-09-07,0600,T,66,6.0NRT,289.5,13.7,N
41.05,-122.528,338.7,1.1,1,2018-09-07,0600,T,100,6.0NRT,292.3,47,N
41.048,-122.54,311.1,1.1,1,2018-09-07,0600,T,68,6.0NRT,288.9,12.2,N
41.809,-123.549,325.6,1.1,1.1,2018-09-07,0600,T,100,6.0NRT,291.9,27.7,N
41.814,-123.576,307.2,1.1,1.1,2018-09-07,0600,T,45,6.0NRT,287.9,9.5,N
41.897,-123.581,302.2,1.1,1.1,2018-09-07,0600,T,47,6.0NRT,288,7.2,N
42.603,-120.671,302.2,1,1,2018-09-07,0600,T,47,6.0NRT,285.3,7.6,N
42.601,-120.683,311.8,1,1,2018-09-07,0600,T,83,6.0NRT,284.7,14,N
42.655,-120.69,309.1,1,1,2018-09-07,0600,T,77,6.0NRT,281.4,12.4,N
43.46,-115.008,332.8,1.6,1.2,2018-09-07,0600,T,100,6.0NRT,288.8,65.5,N
43.459,-115.026,305.4,1.6,1.2,2018-09-07,0600,T,26,6.0NRT,285.3,15,N
43.462,-114.995,305.3,1.6,1.2,2018-09-07,0600,T,45,6.0NRT,284.3,15.4,N
43.461,-115.013,331.8,1.6,1.2,2018-09-07,0600,T,100,6.0NRT,288.8,63.5,N
42.326,-123.792,311.4,1.1,1.1,2018-09-07,0600,T,82,6.0NRT,289,13.9,N
43.473,-114.997,305.8,1.6,1.2,2018-09-07,0600,T,61,6.0NRT,285.3,16.2,N
43.472,-115.016,312.3,1.6,1.2,2018-09-07,0600,T,85,6.0NRT,286.1,24.5,N
43.505,-115.024,310.2,1.6,1.2,2018-09-07,0600,T,79,6.0NRT,283.9,23.3,N
42.397,-124.093,317.3,1.2,1.1,2018-09-07,0600,T,35,6.0NRT,289.1,17.6,N
42.456,-123.81,373.4,1.1,1.1,2018-09-07,0600,T,100,6.0NRT,298.9,155.5,N
42.453,-123.824,373.3,1.1,1.1,2018-09-07,0600,T,100,6.0NRT,297.8,155,N
42.409,-124.083,321.5,1.2,1.1,2018-09-07,0600,T,63,6.0NRT,287.9,22.4,N
42.402,-124.122,335.6,1.2,1.1,2018-09-07,0600,T,100,6.0NRT,288.4,46.5,N
42.465,-123.814,306,1.1,1.1,2018-09-07,0600,T,66,6.0NRT,289.1,9.2,N
42.463,-123.828,315.2,1.1,1.1,2018-09-07,0600,T,91,6.0NRT,289.4,17.2,N
42.414,-124.112,321.6,1.2,1.1,2018-09-07,0600,T,85,6.0NRT,287.9,23.4,N
42.428,-124.087,343.6,1.2,1.1,2018-09-07,0600,T,100,6.0NRT,290.5,61.5,N
42.426,-124.101,351.2,1.2,1.1,2018-09-07,0600,T,100,6.0NRT,291.9,80.9,N
42.489,-123.928,310.1,1.1,1.1,2018-09-07,0600,T,79,6.0NRT,289.3,12.4,N
42.475,-124.011,301.3,1.2,1.1,2018-09-07,0600,T,39,6.0NRT,287.5,6.5,N
42.473,-124.023,301,1.2,1.1,2018-09-07,0600,T,36,6.0NRT,287.7,6.7,N
42.501,-123.917,320.9,1.1,1.1,2018-09-07,0600,T,90,6.0NRT,290,22.2,N
42.498,-123.931,318.8,1.1,1.1,2018-09-07,0600,T,98,6.0NRT,289.1,20.4,N
42.517,-123.879,314.6,1.1,1.1,2018-09-07,0600,T,45,6.0NRT,290.5,14.9,N
42.529,-123.868,324.6,1.1,1.1,2018-09-07,0600,T,100,6.0NRT,290,26.8,N
42.527,-123.882,319,1.1,1.1,2018-09-07,0600,T,89,6.0NRT,290.4,19.7,N
42.536,-123.884,314.3,1.1,1.1,2018-09-07,0600,T,43,6.0NRT,289.3,15.1,N
42.541,-123.912,338.4,1.1,1.1,2018-09-07,0600,T,100,6.0NRT,289.8,49.1,N
42.539,-123.926,381.5,1.1,1.1,2018-09-07,0600,T,100,6.0NRT,296.4,194,N
42.536,-123.94,331.1,1.1,1.1,2018-09-07,0600,T,100,6.0NRT,288.2,37.3,N
42.548,-123.929,325.7,1.1,1.1,2018-09-07,0600,T,100,6.0NRT,287.7,29.6,N
42.546,-123.944,325.8,1.1,1.1,2018-09-07,0600,T,100,6.0NRT,286.8,30.3,N
42.868,-122.714,321,1,1,2018-09-07,0600,T,100,6.0NRT,289.1,21.3,N
42.866,-122.727,305.5,1,1,2018-09-07,0600,T,65,6.0NRT,287.4,8.2,N
42.909,-122.634,307.2,1,1,2018-09-07,0600,T,71,6.0NRT,287.4,9.6,N
44.109,-122.195,304.4,1,1,2018-09-07,0600,T,60,6.0NRT,289.3,7.1,N
45.034,-123.006,331.1,1,1,2018-09-07,0600,T,100,6.0NRT,287,33.6,N
45.231,-123.167,301.2,1,1,2018-09-07,0600,T,39,6.0NRT,286.8,6.7,N
46.572,-121.406,306,1,1,2018-09-07,0600,T,66,6.0NRT,285.7,9,N
47.493,-113.193,303.8,2.2,1.4,2018-09-07,0600,T,35,6.0NRT,286.6,22.9,N
47.504,-113.201,313.9,2.2,1.4,2018-09-07,0600,T,88,6.0NRT,286.3,47.1,N
47.502,-113.225,309.8,2.2,1.4,2018-09-07,0600,T,78,6.0NRT,283.8,36.9,N
47.763,-113.194,302,2.2,1.4,2018-09-07,0600,T,34,6.0NRT,282.9,21.3,N
47.761,-113.198,302.8,2.2,1.4,2018-09-07,0600,T,51,6.0NRT,283.1,25,N
47.775,-113.171,310.7,2.2,1.4,2018-09-07,0600,T,81,6.0NRT,284.1,39.9,N
47.667,-114.794,302.4,1.8,1.3,2018-09-07,0600,T,49,6.0NRT,286.5,16.4,N
17.914,-93.516,304.1,1.4,1.2,2018-09-07,0415,T,58,6.0NRT,288.7,8.7,N
17.912,-93.53,303.9,1.4,1.2,2018-09-07,0415,T,57,6.0NRT,289.5,8.2,N
17.909,-93.521,310.9,1.4,1.2,2018-09-07,0415,T,81,6.0NRT,289.4,15.4,N
18.205,-94.001,305.8,1.5,1.2,2018-09-07,0415,T,63,6.0NRT,293.9,9,N
18.202,-94.015,307.8,1.5,1.2,2018-09-07,0415,T,72,6.0NRT,294.3,11.1,N
18.207,-94.007,308.7,1.5,1.2,2018-09-07,0415,T,75,6.0NRT,294.2,13.1,N
18.866,-92.627,324.4,1.2,1.1,2018-09-07,0415,T,100,6.0NRT,293.3,25.8,N
19.244,-92.252,347.1,1.2,1.1,2018-09-07,0415,T,100,6.0NRT,292.7,65.5,N
19.243,-92.263,324.9,1.2,1.1,2018-09-07,0415,T,100,6.0NRT,292.5,24.2,N
19.398,-92.045,305,1.1,1.1,2018-09-07,0415,T,12,6.0NRT,290.9,4.1,N
19.562,-92.239,326.7,1.1,1.1,2018-09-07,0415,T,100,6.0NRT,293.6,25.9,N
18.93,-70.354,306.2,1.7,1.3,2018-09-07,0235,T,67,6.0NRT,290.9,14.2,N
33.417,-81.893,316.1,1,1,2018-09-07,1625,T,40,6.0NRT,300.2,7.2,D
33.017,-79.884,309.9,1.2,1.1,2018-09-07,1625,T,49,6.0NRT,293.9,7,D
33.029,-82.49,336.9,1,1,2018-09-07,1625,T,88,6.0NRT,303.4,29.7,D
33.023,-82.509,327.3,1,1,2018-09-07,1625,T,79,6.0NRT,300.5,18.8,D
33.021,-82.498,346,1,1,2018-09-07,1625,T,93,6.0NRT,301.1,47.8,D
33.02,-82.487,319.6,1,1,2018-09-07,1625,T,62,6.0NRT,297.5,10,D
33.298,-85.978,314.8,1.1,1.1,2018-09-07,1625,T,34,6.0NRT,296.8,9.8,D
32.948,-84.455,311.7,1,1,2018-09-07,1625,T,42,6.0NRT,295.8,5.4,D
32.389,-81.836,316.6,1.1,1,2018-09-07,1625,T,64,6.0NRT,299.5,9.6,D
32.746,-85.262,316.6,1.1,1,2018-09-07,1625,T,61,6.0NRT,299.6,8.8,D
32.764,-87.54,311.6,1.3,1.1,2018-09-07,1625,T,0,6.0NRT,295,7.3,D
32.428,-85.787,330.6,1.1,1,2018-09-07,1625,T,83,6.0NRT,298.1,26.8,D
32.427,-85.775,315.8,1.1,1,2018-09-07,1625,T,63,6.0NRT,296,8.6,D
32.116,-85.65,313.6,1.1,1,2018-09-07,1625,T,57,6.0NRT,299.5,6.8,D
32.114,-85.638,333.8,1.1,1,2018-09-07,1625,T,86,6.0NRT,299.9,31.4,D
31.821,-84.233,315.9,1,1,2018-09-07,1625,T,65,6.0NRT,298,7.8,D
31.032,-84.579,315.6,1,1,2018-09-07,1625,T,43,6.0NRT,299.6,7.1,D
30.986,-84.906,315.7,1,1,2018-09-07,1625,T,59,6.0NRT,295.9,8.5,D
30.871,-85.004,322.8,1,1,2018-09-07,1625,T,77,6.0NRT,298.2,14.2,D
31.295,-91.624,313.2,2.3,1.5,2018-09-07,1625,T,35,6.0NRT,293.8,21,D
31.292,-91.6,313.4,2.3,1.5,2018-09-07,1625,T,49,6.0NRT,293.7,19.9,D
29.489,-82.56,317.7,1.1,1,2018-09-07,1625,T,48,6.0NRT,291.9,11,D
27.483,-82.234,315.2,1.1,1.1,2018-09-07,1625,T,47,6.0NRT,296.8,9.6,D
26.63,-81.453,317.6,1.3,1.1,2018-09-07,1625,T,66,6.0NRT,300.3,12.5,D
26.417,-81.001,315.8,1.4,1.2,2018-09-07,1625,T,42,6.0NRT,296.9,14.8,D
19.395,-92.044,313.6,1.7,1.3,2018-09-07,1625,T,55,6.0NRT,292.5,19.7,D
17.899,-93.172,314.3,2,1.4,2018-09-07,1625,T,46,6.0NRT,294.3,15.6,D
17.947,-71.396,312.3,1.3,1.1,2018-09-07,1755,A,52,6.0NRT,298.8,6.5,D
18.402,-68.723,320.6,1,1,2018-09-07,1755,A,46,6.0NRT,304.4,8.9,D
18.499,-68.882,329.7,1,1,2018-09-07,1755,A,81,6.0NRT,301.6,21.6,D
19.154,-70.331,320.6,1.1,1.1,2018-09-07,1755,A,61,6.0NRT,299.6,9.4,D
19.179,-70.423,323.8,1.1,1.1,2018-09-07,1755,A,68,6.0NRT,303.4,10.1,D
19.224,-70.348,324.3,1.1,1.1,2018-09-07,1755,A,78,6.0NRT,302.8,9.8,D
19.435,-70.118,318.1,1.1,1,2018-09-07,1755,A,65,6.0NRT,297.2,11.9,D
19.678,-70.77,322.8,1.2,1.1,2018-09-07,1755,A,74,6.0NRT,291.4,18.4,D
19.695,-71.569,317.7,1.3,1.1,2018-09-07,1755,A,55,6.0NRT,288.4,12.8,D
49.506,-114.849,307.4,2.9,1.6,2018-09-07,1800,T,55,6.0NRT,295.4,27.7,D
49.505,-114.812,306.8,2.9,1.6,2018-09-07,1800,T,51,6.0NRT,294.9,24.8,D
49.505,-114.819,310.2,2.9,1.6,2018-09-07,1800,T,49,6.0NRT,295.2,34,D
49.408,-117.829,304.7,4.2,1.9,2018-09-07,1800,T,42,6.0NRT,288.3,44,D
49.405,-117.842,308.8,4.2,1.9,2018-09-07,1800,T,62,6.0NRT,288.8,66.2,D
48.172,-103.314,318.2,1,1,2018-09-07,1800,T,69,6.0NRT,298.9,10.2,D
49.157,-116.883,313.1,3.7,1.8,2018-09-07,1800,T,69,6.0NRT,292.3,68.4,D
47.932,-103.258,316.4,1,1,2018-09-07,1800,T,65,6.0NRT,301.1,7.4,D
47.904,-103.253,313.2,1,1,2018-09-07,1800,T,57,6.0NRT,299.1,4.6,D
48.595,-115.502,306.4,3.1,1.7,2018-09-07,1800,T,43,6.0NRT,292.4,27.9,D
46.069,-97.236,325.1,1.6,1.2,2018-09-07,1800,T,82,6.0NRT,295.8,40.6,D
46.065,-97.216,317,1.6,1.2,2018-09-07,1800,T,74,6.0NRT,295.2,24.8,D
47.761,-113.162,310.5,2.3,1.5,2018-09-07,1800,T,42,6.0NRT,296.4,22,D
45.319,-99.617,325.6,1.3,1.1,2018-09-07,1800,T,77,6.0NRT,302.8,21.1,D
45.309,-99.621,323.7,1.3,1.1,2018-09-07,1800,T,75,6.0NRT,301.8,19,D
46.758,-111.017,320.9,1.7,1.3,2018-09-07,1800,T,35,6.0NRT,305.1,18.2,D
46.746,-111.02,322.9,1.7,1.3,2018-09-07,1800,T,65,6.0NRT,304,23.6,D
46.745,-110.997,322.8,1.7,1.3,2018-09-07,1800,T,67,6.0NRT,303.9,25.2,D
44.999,-111.101,347.5,1.7,1.3,2018-09-07,1800,T,89,6.0NRT,295.8,111.2,D
44.989,-111.123,313.3,1.7,1.3,2018-09-07,1800,T,34,6.0NRT,292.5,16.4,D
44.987,-111.104,318.2,1.7,1.3,2018-09-07,1800,T,46,6.0NRT,297.1,25.6,D
44.944,-111.129,321.5,1.7,1.3,2018-09-07,1800,T,54,6.0NRT,302,28.4,D
44.942,-111.11,319.2,1.7,1.3,2018-09-07,1800,T,54,6.0NRT,298.8,23.2,D
44.933,-111.12,321.4,1.7,1.3,2018-09-07,1800,T,25,6.0NRT,297.4,26.1,D
44.923,-115.609,310.1,3,1.6,2018-09-07,1800,T,25,6.0NRT,296.9,19.1,D
43.477,-115.032,319.7,2.7,1.6,2018-09-07,1800,T,62,6.0NRT,301.1,39.6,D
43.476,-115.001,331,2.6,1.6,2018-09-07,1800,T,81,6.0NRT,303.3,93.4,D
43.471,-115.007,333.5,2.6,1.6,2018-09-07,1800,T,83,6.0NRT,303.4,108,D
42.683,-111.588,322.9,1.6,1.3,2018-09-07,1800,T,60,6.0NRT,306.6,20.2,D
35.693,-109.597,328.5,1.1,1,2018-09-07,1800,T,74,6.0NRT,307,12.8,D
34.842,-105.334,333.7,1.1,1,2018-09-07,1800,T,85,6.0NRT,293.7,32.4,D
34.84,-105.322,327.7,1.1,1,2018-09-07,1800,T,80,6.0NRT,296.3,23.4,D
34.962,-111.883,325,1.4,1.2,2018-09-07,1800,T,55,6.0NRT,301.6,22,D
33.42,-110.865,328.4,1.2,1.1,2018-09-07,1800,T,68,6.0NRT,309.6,14,D
32.756,-108.316,322.5,1,1,2018-09-07,1800,T,66,6.0NRT,302.3,12,D
32.999,-110.771,329.9,1.1,1.1,2018-09-07,1800,T,68,6.0NRT,312,11.9,D
33.42,-116.062,332,2.4,1.5,2018-09-07,1800,T,49,6.0NRT,317.1,32.9,D
33.412,-116.069,332.1,2.4,1.5,2018-09-07,1800,T,48,6.0NRT,317.7,29.2,D
30.572,-99.76,310.3,2.8,1.6,2018-09-07,1800,T,62,6.0NRT,287.3,23.7,D
30.569,-99.768,308,2.8,1.6,2018-09-07,1800,T,58,6.0NRT,286.8,18.3,D
30.563,-99.739,307.9,2.8,1.6,2018-09-07,1800,T,52,6.0NRT,287.3,19.6,D
28.335,-99.159,310.7,3.5,1.8,2018-09-07,1805,T,39,6.0NRT,288.3,34.9,D
28.383,-112.297,313.3,1.2,1.1,2018-09-07,1805,T,57,6.0NRT,303.2,9.2,D
27.965,-111.375,312.5,1.1,1,2018-09-07,1805,T,53,6.0NRT,300.7,6.7,D
27.634,-109.93,330.9,1,1,2018-09-07,1805,T,81,6.0NRT,300.3,14.5,D
27.303,-110.579,317.9,1,1,2018-09-07,1805,T,67,6.0NRT,301.6,9.5,D
26.666,-113.147,312.2,1.3,1.1,2018-09-07,1805,T,26,6.0NRT,301.6,12.1,D
26.112,-111.275,320.1,1,1,2018-09-07,1805,T,72,6.0NRT,303.1,13.1,D
26.11,-111.265,317.9,1,1,2018-09-07,1805,T,69,6.0NRT,301.6,10.7,D
24.362,-111.534,314.4,1,1,2018-09-07,1805,T,61,6.0NRT,301.4,9.3,D
24.361,-111.524,313.8,1,1,2018-09-07,1805,T,53,6.0NRT,301.3,8.6,D
35.835,-76.193,318.7,1.3,1.1,2018-09-07,1800,A,70,6.0NRT,301.8,12.6,D
36.244,-76.453,315.5,1.3,1.1,2018-09-07,1800,A,65,6.0NRT,298.9,9.2,D
36.241,-76.467,324.3,1.3,1.1,2018-09-07,1800,A,78,6.0NRT,298.8,21.4,D
36.606,-78.352,316.6,1.6,1.3,2018-09-07,1800,A,0,6.0NRT,285.6,23.1,D
37.146,-76.903,314.7,1.3,1.1,2018-09-07,1800,A,43,6.0NRT,297.8,12.5,D
37.304,-77.389,309.5,1.4,1.2,2018-09-07,1800,A,46,6.0NRT,286.6,7,D
44.938,-75.481,306.7,1,1,2018-09-07,1800,A,64,6.0NRT,294.6,4.7,D
45.349,-75.326,309.6,1,1,2018-09-07,1800,A,44,6.0NRT,293.3,5.9,D
44.808,-78.98,300.7,1.2,1.1,2018-09-07,1800,A,25,6.0NRT,289.9,2.3,D
17.665,-92.036,321.8,1,1,2018-09-07,1930,A,43,6.0NRT,296.6,9.7,D
17.664,-92.045,323.7,1,1,2018-09-07,1930,A,56,6.0NRT,297.6,11.2,D
17.694,-91.897,327.5,1,1,2018-09-07,1930,A,79,6.0NRT,301.9,14.1,D
17.692,-91.906,341.7,1,1,2018-09-07,1930,A,90,6.0NRT,302.5,35.1,D
17.759,-92.601,313.8,1,1,2018-09-07,1930,A,45,6.0NRT,295.4,5.1,D
17.671,-93.52,315.8,1,1,2018-09-07,1930,A,33,6.0NRT,295.3,6.6,D
42.543,-123.937,318.3,1.5,1.2,2018-09-07,1940,T,61,6.0NRT,278.2,29.7,D
42.54,-123.921,347.6,1.6,1.2,2018-09-07,1940,T,95,6.0NRT,280.2,108.9,D
42.536,-123.901,321.7,1.6,1.2,2018-09-07,1940,T,62,6.0NRT,282.4,35.6,D
42.524,-123.843,315,1.6,1.2,2018-09-07,1940,T,75,6.0NRT,277.4,28.3,D
41.049,-122.497,341.1,2,1.4,2018-09-07,1940,T,72,6.0NRT,297.8,107.2,D
41.032,-122.479,323,2,1.4,2018-09-07,1940,T,49,6.0NRT,298.4,39.1,D
41.026,-122.451,321.5,2,1.4,2018-09-07,1940,T,20,6.0NRT,298.1,32.7,D
41.02,-122.422,339.9,2,1.4,2018-09-07,1940,T,89,6.0NRT,299.8,99.9,D
40.98,-122.363,334.3,2.1,1.4,2018-09-07,1940,T,85,6.0NRT,300.8,80.2,D
40.976,-122.341,317.7,2.1,1.4,2018-09-07,1940,T,28,6.0NRT,300.2,26,D
40.979,-122.369,323,2.1,1.4,2018-09-07,1940,T,56,6.0NRT,299.8,39.8,D
40.974,-122.346,320.6,2.1,1.4,2018-09-07,1940,T,45,6.0NRT,300.6,33.6,D
39.264,-121.603,320.7,2.5,1.5,2018-09-07,1940,T,58,6.0NRT,305.9,39.3,D
39.271,-121.606,316.5,2.5,1.5,2018-09-07,1940,T,39,6.0NRT,304.9,25.3,D
38.364,-119.369,316.9,3.7,1.8,2018-09-07,1940,T,39,6.0NRT,303.1,48.8,D
49.513,-114.85,307.3,2.9,1.6,2018-09-07,1935,T,62,6.0NRT,294.2,29.7,D
49.511,-114.857,305.8,2.9,1.6,2018-09-07,1935,T,35,6.0NRT,294.5,23.1,D
49.106,-115.466,308.5,2.8,1.6,2018-09-07,1935,T,64,6.0NRT,295.3,28.1,D
49.683,-118.191,305.7,2,1.4,2018-09-07,1935,T,46,6.0NRT,291.9,14.9,D
49.572,-118.243,303.2,2,1.4,2018-09-07,1935,T,52,6.0NRT,291.6,11,D
49.565,-118.211,306.5,2,1.4,2018-09-07,1935,T,59,6.0NRT,292,16.8,D
49.562,-118.22,307.3,2,1.4,2018-09-07,1935,T,49,6.0NRT,291.1,16.2,D
49.188,-116.932,313.7,2.3,1.5,2018-09-07,1935,T,71,6.0NRT,292.8,38.6,D
49.377,-117.823,321.8,2.1,1.4,2018-09-07,1935,T,66,6.0NRT,289.3,52.8,D
49.148,-116.887,336.7,2.3,1.5,2018-09-07,1935,T,90,6.0NRT,292.4,122.7,D
49.152,-116.892,336.8,2.3,1.5,2018-09-07,1935,T,90,6.0NRT,292.9,126.6,D
49.152,-117.122,302.4,2.3,1.5,2018-09-07,1935,T,33,6.0NRT,291.1,13.3,D
48.602,-115.518,328.7,2.9,1.6,2018-09-07,1935,T,85,6.0NRT,294.5,114.3,D
48.6,-115.524,321.9,2.9,1.6,2018-09-07,1935,T,80,6.0NRT,294.3,76.8,D
47.499,-113.197,344.7,4.1,1.9,2018-09-07,1935,T,88,6.0NRT,292.3,368.5,D
48.27,-116.105,305.5,2.7,1.6,2018-09-07,1935,T,48,6.0NRT,294.7,20.6,D
47.494,-113.201,341.7,4.1,1.9,2018-09-07,1935,T,80,6.0NRT,294.6,323.5,D
48.266,-116.11,306,2.7,1.6,2018-09-07,1935,T,42,6.0NRT,294.7,21.3,D
49.236,-120.325,351.6,1.6,1.2,2018-09-07,1935,T,96,6.0NRT,291.4,118.1,D
49.042,-119.864,313,1.7,1.3,2018-09-07,1935,T,47,6.0NRT,291.6,22,D
49.036,-119.839,349.5,1.7,1.3,2018-09-07,1935,T,96,6.0NRT,294.4,130.7,D
48.999,-119.834,313.8,1.7,1.3,2018-09-07,1935,T,68,6.0NRT,291.7,24.8,D
48.704,-120.456,323.9,1.6,1.3,2018-09-07,1935,T,77,6.0NRT,292,34.9,D
48.705,-120.46,320.3,1.6,1.3,2018-09-07,1935,T,74,6.0NRT,292,29.4,D
48.701,-120.441,311.8,1.6,1.3,2018-09-07,1935,T,41,6.0NRT,293.2,14.6,D
48.423,-120.59,351.7,1.6,1.3,2018-09-07,1935,T,91,6.0NRT,294,129.1,D
47.796,-120.555,319.3,1.7,1.3,2018-09-07,1935,T,59,6.0NRT,301.6,25.8,D
46.552,-116.459,313.2,3,1.6,2018-09-07,1935,T,46,6.0NRT,300.5,22.6,D
46.908,-122.715,315.1,1.4,1.2,2018-09-07,1935,T,26,6.0NRT,301.2,14.3,D
44.913,-115.598,310.9,3.8,1.8,2018-09-07,1935,T,41,6.0NRT,294.3,44.4,D
43.509,-115.034,316.2,4.5,1.9,2018-09-07,1935,T,59,6.0NRT,296.5,86.4,D
43.507,-115.038,314.9,4.5,1.9,2018-09-07,1935,T,52,6.0NRT,296.8,77.1,D
17.894,-92.491,324.9,1,1,2018-09-07,1935,A,62,6.0NRT,293.2,16.4,D
17.895,-93.189,316.7,1,1,2018-09-07,1935,A,50,6.0NRT,298.9,5.3,D
18.157,-91.742,317.3,1,1,2018-09-07,1935,A,39,6.0NRT,297.7,8.8,D
18.147,-92.722,323.9,1,1,2018-09-07,1935,A,0,6.0NRT,302.8,11.2,D
18.205,-94.009,321.9,1.1,1,2018-09-07,1935,A,72,6.0NRT,298.4,12.3,D
18.639,-92.173,322.8,1,1,2018-09-07,1935,A,64,6.0NRT,298.6,12.1,D
19.219,-97.754,310.4,1.6,1.3,2018-09-07,1935,A,34,6.0NRT,292.7,10.7,D
20.578,-101.183,316.9,2.7,1.6,2018-09-07,1935,A,68,6.0NRT,299.5,37.1,D
21.519,-98.739,321.4,1.7,1.3,2018-09-07,1935,A,76,6.0NRT,295.6,20.7,D
29.515,-98.924,334.4,1.3,1.1,2018-09-07,1935,A,86,6.0NRT,293.8,42.1,D
29.513,-98.937,326.8,1.3,1.1,2018-09-07,1935,A,79,6.0NRT,293,27.8,D
29.514,-98.931,332.7,1.3,1.1,2018-09-07,1935,A,85,6.0NRT,293.8,39.7,D
29.722,-98.796,308.7,1.3,1.1,2018-09-07,1935,A,37,6.0NRT,287.9,6.7,D
30.797,-94.363,341.5,1,1,2018-09-07,1935,A,90,6.0NRT,297.8,41.9,D
30.795,-94.374,341.7,1,1,2018-09-07,1935,A,91,6.0NRT,298.5,42.2,D
30.188,-99.14,331,1.3,1.1,2018-09-07,1935,A,85,6.0NRT,295.2,32.2,D
31.223,-92.417,322.7,1.2,1.1,2018-09-07,1935,A,56,6.0NRT,298.2,16.1,D
32.113,-85.65,312,3.4,1.7,2018-09-07,1935,A,60,6.0NRT,294.5,37.4,D
31.402,-94.019,322.1,1.1,1,2018-09-07,1935,A,41,6.0NRT,294.1,15.9,D
30.798,-98.21,316.3,1.1,1.1,2018-09-07,1935,A,50,6.0NRT,287,11.8,D
30.819,-98.142,316.4,1.1,1.1,2018-09-07,1935,A,54,6.0NRT,291.8,11.6,D
32.427,-88.055,311.9,2.4,1.5,2018-09-07,1935,A,37,6.0NRT,294.7,21.1,D
32.775,-84.351,319.6,4.3,1.9,2018-09-07,1935,A,74,6.0NRT,291.9,104.8,D
32.778,-84.359,319.6,4.3,1.9,2018-09-07,1935,A,70,6.0NRT,292.2,104.8,D
31.718,-95.884,319,1,1,2018-09-07,1935,A,61,6.0NRT,300,8.2,D
32.221,-97.99,315.9,1.1,1,2018-09-07,1935,A,22,6.0NRT,292,8.9,D
32.33,-97.824,332.8,1.1,1,2018-09-07,1935,A,0,6.0NRT,295.4,27.6,D
32.262,-99.249,319.9,1.2,1.1,2018-09-07,1935,A,71,6.0NRT,295.2,15.1,D
33.66,-96.023,369,1,1,2018-09-07,1935,A,94,6.0NRT,291.6,103.9,D
33.67,-96.021,322.1,1,1,2018-09-07,1935,A,63,6.0NRT,294.2,11.8,D
33.668,-96.032,324.6,1,1,2018-09-07,1935,A,66,6.0NRT,294.8,14.7,D
33.932,-95.379,338.4,1,1,2018-09-07,1935,A,88,6.0NRT,296.9,32.3,D
35.09,-94.091,318.1,1.1,1.1,2018-09-07,1935,A,66,6.0NRT,283.4,14.4,D
42.545,-97.344,309,1,1,2018-09-07,1940,A,32,6.0NRT,296.4,4.7,D
46.159,-98.627,312.6,1,1,2018-09-07,1940,A,55,6.0NRT,300.3,4.9,D
46.678,-98.235,314.3,1.1,1,2018-09-07,1940,A,67,6.0NRT,296.3,9.9,D
44.936,-111.125,330.7,2.8,1.6,2018-09-07,1940,A,75,6.0NRT,294.6,121.5,D
47.274,-98.694,313.8,1.1,1,2018-09-07,1940,A,59,6.0NRT,297.4,7.6,D
47.283,-98.697,316.9,1.1,1,2018-09-07,1940,A,67,6.0NRT,297.6,10.8,D
47.658,-101.225,320.4,1,1,2018-09-07,1940,A,63,6.0NRT,301.8,11.7,D
47.929,-103.258,317.4,1.1,1,2018-09-07,1940,A,63,6.0NRT,302.7,7.5,D
46.752,-110.999,318,2.4,1.5,2018-09-07,1940,A,42,6.0NRT,302.7,26.4,D
46.745,-111.031,321.2,2.4,1.5,2018-09-07,1940,A,64,6.0NRT,303.7,35.5,D
48.719,-100.608,308.5,1,1,2018-09-07,1940,A,21,6.0NRT,295.4,4,D
48.717,-100.622,311.1,1,1,2018-09-07,1940,A,56,6.0NRT,295.8,6.1,D
46.747,-111.004,328.7,2.4,1.5,2018-09-07,1940,A,82,6.0NRT,303.8,71,D
46.739,-111.036,318.2,2.4,1.5,2018-09-07,1940,A,64,6.0NRT,303.5,27.9,D
49.75,-100.294,308.8,1,1,2018-09-07,1940,A,52,6.0NRT,296.1,4.5,D
49.499,-114.846,310.8,3.1,1.7,2018-09-07,1940,A,55,6.0NRT,295.1,44.3,D
49.498,-114.848,308.5,3.1,1.7,2018-09-07,1940,A,33,6.0NRT,294.8,32.3,D
49.156,-116.886,332.8,3.9,1.8,2018-09-07,1940,A,87,6.0NRT,292,231.3,D
49.144,-116.93,321.1,4,1.9,2018-09-07,1940,A,77,6.0NRT,290.1,132.1,D
49.147,-116.88,336.5,3.9,1.8,2018-09-07,1940,A,89,6.0NRT,293.1,270.5,D
49.133,-116.926,319,4,1.9,2018-09-07,1940,A,75,6.0NRT,290.3,116.9,D
49.145,-117.134,306.3,4.1,1.9,2018-09-07,1940,A,44,6.0NRT,291.6,50.2,D
49.148,-117.146,307.6,4.1,1.9,2018-09-07,1940,A,53,6.0NRT,291.8,56.7,D
40.94,-122.411,349.3,1,1,2018-09-07,2120,A,95,6.0NRT,308,52,D
40.951,-122.401,339.2,1,1,2018-09-07,2120,A,86,6.0NRT,303.9,31.9,D
40.949,-122.413,335,1,1,2018-09-07,2120,A,79,6.0NRT,306.1,24.7,D
40.939,-122.485,333.7,1,1,2018-09-07,2120,A,85,6.0NRT,303.3,26.1,D
40.938,-122.497,325.4,1,1,2018-09-07,2120,A,72,6.0NRT,302.5,16.7,D
40.96,-122.404,327.9,1,1,2018-09-07,2120,A,32,6.0NRT,302.8,15.4,D
40.975,-122.359,359.9,1,1,2018-09-07,2120,A,99,6.0NRT,306.3,79.7,D
40.955,-122.501,325.6,1,1,2018-09-07,2120,A,33,6.0NRT,301.1,14.9,D
40.984,-122.361,365.5,1,1,2018-09-07,2120,A,100,6.0NRT,308.5,94.4,D
40.982,-122.372,336.8,1,1,2018-09-07,2120,A,87,6.0NRT,304.8,28.7,D
40.981,-122.385,365.6,1,1,2018-09-07,2120,A,100,6.0NRT,307.1,92.1,D
40.991,-122.374,335.6,1,1,2018-09-07,2120,A,83,6.0NRT,305.6,25.8,D
40.99,-122.386,427.8,1,1,2018-09-07,2120,A,100,6.0NRT,316.8,459.1,D
40.988,-122.398,381.2,1,1,2018-09-07,2120,A,100,6.0NRT,309,146.4,D
41.002,-122.364,351,1,1,2018-09-07,2120,A,95,6.0NRT,306.2,56.6,D
41,-122.376,359.2,1,1,2018-09-07,2120,A,99,6.0NRT,306.9,76,D
40.981,-122.519,330,1,1,2018-09-07,2120,A,51,6.0NRT,300.2,19.8,D
41.011,-122.367,330.6,1,1,2018-09-07,2120,A,79,6.0NRT,301.3,21.7,D
41.009,-122.379,338.3,1,1,2018-09-07,2120,A,87,6.0NRT,302.5,31.9,D
41.008,-122.39,370.7,1,1,2018-09-07,2120,A,100,6.0NRT,308.7,108.2,D
41.006,-122.402,343.2,1,1,2018-09-07,2120,A,45,6.0NRT,307.4,34.5,D
41.004,-122.414,341.3,1,1,2018-09-07,2120,A,64,6.0NRT,303.2,31.5,D
41.003,-122.426,355,1,1,2018-09-07,2120,A,97,6.0NRT,301.4,55.9,D
41.001,-122.438,341,1,1,2018-09-07,2120,A,75,6.0NRT,299.5,26.9,D
40.988,-122.534,333.8,1,1,2018-09-07,2120,A,75,6.0NRT,300.8,25.9,D
41.016,-122.393,378.8,1,1,2018-09-07,2120,A,100,6.0NRT,304.9,141.1,D
41.015,-122.404,349.3,1,1,2018-09-07,2120,A,92,6.0NRT,307.7,50,D
41.013,-122.416,374.8,1,1,2018-09-07,2120,A,100,6.0NRT,311.4,122.3,D
41.012,-122.429,481.6,1,1,2018-09-07,2120,A,100,6.0NRT,400.1,1220.6,D
41.01,-122.441,384.8,1,1,2018-09-07,2120,A,100,6.0NRT,314.1,160.2,D
40.997,-122.536,358.2,1,1,2018-09-07,2120,A,99,6.0NRT,303.2,71.9,D
41.022,-122.412,341.7,1,1,2018-09-07,2120,A,91,6.0NRT,303.8,39.4,D
41.021,-122.424,430.3,1,1,2018-09-07,2120,A,100,6.0NRT,321.6,488,D
41.019,-122.436,467,1,1,2018-09-07,2120,A,100,6.0NRT,400.1,964.3,D
41.014,-122.472,325,1,1,2018-09-07,2120,A,44,6.0NRT,298.8,13.6,D
41.003,-122.555,334.2,1,1,2018-09-07,2120,A,46,6.0NRT,304.1,24,D
41.031,-122.414,341.7,1,1,2018-09-07,2120,A,91,6.0NRT,296.7,40.2,D
41.03,-122.426,403.9,1,1,2018-09-07,2120,A,100,6.0NRT,306.4,274.7,D
41.028,-122.438,377.9,1,1,2018-09-07,2120,A,100,6.0NRT,308.5,138.6,D
41.026,-122.45,346.3,1,1,2018-09-07,2120,A,90,6.0NRT,306.1,44.9,D
41.023,-122.475,353,1,1,2018-09-07,2120,A,96,6.0NRT,304.8,58.4,D
41.021,-122.486,338.5,1,1,2018-09-07,2120,A,58,6.0NRT,304.1,30.1,D
41.01,-122.569,363.6,1,1,2018-09-07,2120,A,100,6.0NRT,306.8,87.2,D
41.008,-122.581,330.3,1,1,2018-09-07,2120,A,54,6.0NRT,303.7,19.6,D
41.037,-122.441,335.5,1,1,2018-09-07,2120,A,87,6.0NRT,299.7,30.9,D
41.035,-122.453,341.7,1,1,2018-09-07,2120,A,66,6.0NRT,299.7,37.8,D
41.034,-122.465,404.4,1,1,2018-09-07,2120,A,100,6.0NRT,309.6,274.4,D
41.019,-122.571,333.5,1,1,2018-09-07,2120,A,37,6.0NRT,308.6,22,D
41.041,-122.479,337.7,1,1,2018-09-07,2120,A,75,6.0NRT,297.4,32.3,D
41.039,-122.491,347.9,1,1,2018-09-07,2120,A,94,6.0NRT,301.1,49.1,D
41.038,-122.502,333.3,1,1,2018-09-07,2120,A,83,6.0NRT,300.9,22,D
41.036,-122.514,334,1,1,2018-09-07,2120,A,83,6.0NRT,301.2,22,D
41.033,-122.538,335.7,1,1,2018-09-07,2120,A,61,6.0NRT,304.6,23.9,D
41.031,-122.55,359.7,1,1,2018-09-07,2120,A,99,6.0NRT,305.4,73.4,D
41.03,-122.562,401.1,1,1,2018-09-07,2120,A,100,6.0NRT,318.3,250.1,D
41.028,-122.573,360.5,1,1,2018-09-07,2120,A,100,6.0NRT,312.4,77.8,D
41.05,-122.481,318.6,1,1,2018-09-07,2120,A,24,6.0NRT,295.5,10.9,D
41.048,-122.493,338.5,1,1,2018-09-07,2120,A,89,6.0NRT,300.6,35.2,D
41.047,-122.505,348.6,1,1,2018-09-07,2120,A,94,6.0NRT,302.9,51.6,D
41.045,-122.516,347.6,1,1,2018-09-07,2120,A,90,6.0NRT,301.9,48.4,D
41.043,-122.528,366.6,1,1,2018-09-07,2120,A,100,6.0NRT,306.8,96.8,D
41.042,-122.54,342.6,1,1,2018-09-07,2120,A,74,6.0NRT,302.4,38.1,D
41.038,-122.564,370.6,1,1,2018-09-07,2120,A,100,6.0NRT,304.7,109.3,D
41.037,-122.576,349.3,1,1,2018-09-07,2120,A,95,6.0NRT,305.8,52.3,D
41.055,-122.507,318.1,1,1,2018-09-07,2120,A,24,6.0NRT,298.4,10.9,D
41.054,-122.519,333.5,1,1,2018-09-07,2120,A,81,6.0NRT,298.6,27.8,D
41.052,-122.531,363.9,1,1,2018-09-07,2120,A,100,6.0NRT,302,92.8,D
41.051,-122.543,323.4,1,1,2018-09-07,2120,A,75,6.0NRT,297.1,15.7,D
41.804,-123.552,327.9,1,1,2018-09-07,2120,A,83,6.0NRT,282.3,25,D
42.324,-123.787,331.4,1,1,2018-09-07,2120,A,87,6.0NRT,296.2,24.2,D
42.323,-123.799,319,1,1,2018-09-07,2120,A,54,6.0NRT,298,10,D
42.452,-123.802,417,1,1,2018-09-07,2120,A,100,6.0NRT,286.1,368.6,D
42.45,-123.814,366.5,1,1,2018-09-07,2120,A,100,6.0NRT,284.6,102.8,D
42.461,-123.805,357.5,1,1,2018-09-07,2120,A,99,6.0NRT,278.5,78.1,D
42.459,-123.817,355.1,1,1,2018-09-07,2120,A,98,6.0NRT,280.9,72.5,D
42.457,-123.829,308.9,1,1,2018-09-07,2120,A,48,6.0NRT,279.3,8.1,D
42.421,-124.08,341.3,1,1,2018-09-07,2120,A,79,6.0NRT,293.1,37.1,D
42.417,-124.104,341.3,1,1,2018-09-07,2120,A,70,6.0NRT,292.5,37.4,D
42.428,-124.095,333.5,1,1,2018-09-07,2120,A,28,6.0NRT,295.1,27.7,D
42.467,-124.012,319.3,1,1,2018-09-07,2120,A,78,6.0NRT,288.4,14.2,D
42.488,-123.93,347.5,1,1,2018-09-07,2120,A,95,6.0NRT,295,51.1,D
43.461,-115.018,352.8,2.3,1.5,2018-09-07,2120,A,96,6.0NRT,291.6,211.1,D
42.527,-123.915,347.5,1,1,2018-09-07,2120,A,89,6.0NRT,288.8,48,D
42.536,-123.918,402.9,1,1,2018-09-07,2120,A,100,6.0NRT,293.3,263.7,D
42.534,-123.93,460.6,1,1,2018-09-07,2120,A,100,6.0NRT,311.6,851.2,D
42.533,-123.942,377.1,1,1,2018-09-07,2120,A,100,6.0NRT,297.5,135.5,D
42.545,-123.92,338.5,1,1,2018-09-07,2120,A,46,6.0NRT,287.6,35.7,D
43.501,-115.026,352,2.3,1.5,2018-09-07,2120,A,96,6.0NRT,289.2,203.6,D
43.5,-115.006,324.6,2.3,1.5,2018-09-07,2120,A,57,6.0NRT,288.1,57.6,D
43.498,-115.033,343,2.3,1.5,2018-09-07,2120,A,91,6.0NRT,289.3,145.4,D
42.868,-122.723,309.4,1,1,2018-09-07,2120,A,67,6.0NRT,289.8,7.8,D
43.833,-121.116,346.7,1.1,1.1,2018-09-07,2120,A,95,6.0NRT,287.9,64.8,D
43.831,-121.13,319.9,1.1,1.1,2018-09-07,2120,A,80,6.0NRT,284.2,19.2,D
44.071,-122.174,310.1,1.1,1,2018-09-07,2120,A,57,6.0NRT,278.9,10.4,D
44.087,-122.183,309.4,1.1,1,2018-09-07,2120,A,41,6.0NRT,283.2,9.6,D
44.913,-115.621,316.6,2.2,1.4,2018-09-07,2120,A,58,6.0NRT,296.3,30.2,D
44.903,-122.71,322.1,1.1,1,2018-09-07,2120,A,28,6.0NRT,307.4,11,D
45.463,-118.875,326.7,1.5,1.2,2018-09-07,2120,A,69,6.0NRT,313.8,14.8,D
46.551,-116.519,320.1,2.1,1.4,2018-09-07,2120,A,41,6.0NRT,287.3,39,D
46.73,-114.9,339.7,2.5,1.5,2018-09-07,2120,A,84,6.0NRT,290.7,157.9,D
46.728,-114.928,364.2,2.5,1.5,2018-09-07,2120,A,0,6.0NRT,276.4,374.7,D
46.743,-114.902,335,2.5,1.5,2018-09-07,2120,A,86,6.0NRT,291.2,128.1,D
46.742,-114.932,376,2.5,1.5,2018-09-07,2120,A,75,6.0NRT,286.5,526.5,D
46.737,-114.909,359.8,2.5,1.5,2018-09-07,2120,A,94,6.0NRT,290.8,326.6,D
46.735,-114.937,363.2,2.5,1.5,2018-09-07,2120,A,0,6.0NRT,276.5,361.8,D
46.75,-114.911,358.4,2.5,1.5,2018-09-07,2120,A,99,6.0NRT,292.1,313.8,D
46.749,-114.942,354.4,2.5,1.5,2018-09-07,2120,A,73,6.0NRT,286.3,274.1,D
46.569,-121.403,315.3,1.2,1.1,2018-09-07,2120,A,33,6.0NRT,298.1,11.8,D
46.578,-121.406,324,1.2,1.1,2018-09-07,2120,A,76,6.0NRT,297.5,23.3,D
47.495,-113.209,346.4,3.2,1.7,2018-09-07,2120,A,93,6.0NRT,301,271.5,D
47.494,-113.249,327.8,3.2,1.7,2018-09-07,2120,A,81,6.0NRT,301.2,113.6,D
47.494,-113.216,342.8,3.2,1.7,2018-09-07,2120,A,91,6.0NRT,302,232.3,D
47.492,-113.259,313.7,3.2,1.7,2018-09-07,2120,A,35,6.0NRT,299.8,36.1,D
47.011,-121.709,314.9,1.2,1.1,2018-09-07,2120,A,64,6.0NRT,294.1,14.8,D
47.748,-113.213,334.8,3.2,1.7,2018-09-07,2120,A,86,6.0NRT,297.6,162.1,D
47.761,-113.178,321.9,3.2,1.7,2018-09-07,2120,A,48,6.0NRT,293.9,79,D
47.759,-113.22,322.7,3.2,1.7,2018-09-07,2120,A,43,6.0NRT,297.2,81.3,D
47.873,-115.926,327.4,2.3,1.5,2018-09-07,2120,A,79,6.0NRT,297.7,74.6,D
47.871,-115.954,316.7,2.3,1.5,2018-09-07,2120,A,61,6.0NRT,302.4,37.6,D
47.793,-120.552,329.1,1.3,1.1,2018-09-07,2120,A,82,6.0NRT,305.9,28.8,D
47.858,-120.59,325.1,1.3,1.1,2018-09-07,2120,A,79,6.0NRT,295.4,27.8,D
47.857,-120.606,331.9,1.3,1.1,2018-09-07,2120,A,85,6.0NRT,296,40.9,D
48.261,-116.116,318.1,2.3,1.5,2018-09-07,2120,A,67,6.0NRT,297.8,40.3,D
48.26,-116.095,311.3,2.3,1.5,2018-09-07,2120,A,13,6.0NRT,296.1,18.9,D
48.258,-116.125,314.1,2.3,1.5,2018-09-07,2120,A,42,6.0NRT,297.1,25.8,D
48.594,-115.511,337.9,2.5,1.5,2018-09-07,2120,A,78,6.0NRT,295.6,124.8,D
48.592,-115.541,328.7,2.4,1.5,2018-09-07,2120,A,47,6.0NRT,296.3,75.2,D
48.556,-115.571,317.8,2.4,1.5,2018-09-07,2120,A,43,6.0NRT,299.6,34.4,D
48.586,-115.515,337.1,2.5,1.5,2018-09-07,2120,A,82,6.0NRT,296.1,121.8,D
48.6,-115.517,336.7,2.5,1.5,2018-09-07,2120,A,88,6.0NRT,296,124.1,D
48.598,-115.546,320.2,2.4,1.5,2018-09-07,2120,A,40,6.0NRT,296.5,47.3,D
48.289,-120.338,339.9,1.4,1.2,2018-09-07,2120,A,90,6.0NRT,295.4,56,D
48.287,-120.358,456,1.4,1.2,2018-09-07,2120,A,100,6.0NRT,312.2,1263.9,D
48.286,-120.375,396.7,1.4,1.2,2018-09-07,2120,A,100,6.0NRT,303.2,364.9,D
48.284,-120.395,333.4,1.4,1.2,2018-09-07,2120,A,83,6.0NRT,295.1,43.8,D
48.35,-120.547,328.9,1.4,1.2,2018-09-07,2120,A,57,6.0NRT,302.5,34.8,D
48.348,-120.567,325.6,1.4,1.2,2018-09-07,2120,A,80,6.0NRT,293.3,28.4,D
48.385,-120.58,316.2,1.4,1.2,2018-09-07,2120,A,60,6.0NRT,293.2,14.7,D
48.426,-120.584,357.7,1.4,1.2,2018-09-07,2120,A,99,6.0NRT,302.8,115.9,D
48.425,-120.604,382.7,1.4,1.2,2018-09-07,2120,A,100,6.0NRT,307,249.1,D
48.436,-120.591,355.2,1.4,1.2,2018-09-07,2120,A,98,6.0NRT,297.2,106,D
48.434,-120.61,415.7,1.4,1.2,2018-09-07,2120,A,100,6.0NRT,311.1,556,D
48.433,-120.627,321.8,1.4,1.2,2018-09-07,2120,A,61,6.0NRT,291.7,23.7,D
48.702,-120.459,321.3,1.4,1.2,2018-09-07,2120,A,0,6.0NRT,287.5,25.6,D
49.135,-114.257,328.6,2.9,1.6,2018-09-07,2120,A,83,6.0NRT,298.8,104.2,D
49.134,-114.294,311.6,2.9,1.6,2018-09-07,2120,A,46,6.0NRT,298.2,29,D
49.106,-115.468,315.2,2.5,1.5,2018-09-07,2120,A,68,6.0NRT,297.9,38.7,D
49.112,-115.473,308.5,2.5,1.5,2018-09-07,2120,A,25,6.0NRT,297.1,19.1,D
49.151,-116.888,371.6,2.1,1.4,2018-09-07,2120,A,100,6.0NRT,297.2,350.2,D
49.149,-116.92,341.1,2.1,1.4,2018-09-07,2120,A,91,6.0NRT,293.6,124.2,D
49.393,-115.094,313.8,2.6,1.6,2018-09-07,2120,A,67,6.0NRT,296.1,38.9,D
49.4,-115.069,310.8,2.6,1.6,2018-09-07,2120,A,61,6.0NRT,295.5,29.7,D
49.399,-115.102,312.8,2.6,1.6,2018-09-07,2120,A,65,6.0NRT,296.3,35.9,D
49.383,-117.829,342.8,1.9,1.3,2018-09-07,2120,A,75,6.0NRT,293,106.8,D
49.381,-117.851,394,1.9,1.3,2018-09-07,2120,A,100,6.0NRT,300.6,539.4,D
49.393,-117.855,334.2,1.9,1.3,2018-09-07,2120,A,72,6.0NRT,292.4,74.5,D
49.405,-117.859,318.9,1.9,1.3,2018-09-07,2120,A,67,6.0NRT,289.1,35.9,D
49.476,-117.979,322.7,1.9,1.3,2018-09-07,2120,A,75,6.0NRT,295.1,42.8,D
49.5,-117.983,334.8,1.9,1.3,2018-09-07,2120,A,81,6.0NRT,292.8,75.8,D
49.498,-118.006,342.1,1.9,1.3,2018-09-07,2120,A,92,6.0NRT,296.1,102.6,D
49.503,-117.989,334.9,1.9,1.3,2018-09-07,2120,A,76,6.0NRT,292.6,74.8,D
49.502,-118.013,327.4,1.9,1.3,2018-09-07,2120,A,27,6.0NRT,295.8,48.6,D
49.535,-118.224,310.5,1.8,1.3,2018-09-07,2120,A,65,6.0NRT,294.4,17.2,D
49.676,-118.199,320.1,1.8,1.3,2018-09-07,2120,A,59,6.0NRT,297.2,33.8,D
49.681,-118.205,315,1.8,1.3,2018-09-07,2120,A,68,6.0NRT,298.4,24.3,D
24.825,-110.574,311.1,2.7,1.6,2018-09-07,2115,A,46,6.0NRT,297.6,26.6,D
24.828,-110.579,312,2.7,1.6,2018-09-07,2115,A,52,6.0NRT,297.9,31,D
26.94,-109.752,321.8,3.3,1.7,2018-09-07,2115,A,28,6.0NRT,293,37.8,D
26.936,-109.76,322.4,3.3,1.7,2018-09-07,2115,A,37,6.0NRT,292.9,40.6,D
32.252,-114.952,337,1.7,1.3,2018-09-07,2115,A,74,6.0NRT,319.7,28.3,D
38.367,-119.391,336.7,1.2,1.1,2018-09-07,2115,A,68,6.0NRT,315,26.9,D
38.372,-119.386,329.9,1.2,1.1,2018-09-07,2115,A,63,6.0NRT,311.7,20.1,D
39.208,-121.668,325.6,1,1,2018-09-07,2115,A,68,6.0NRT,314.5,8.9,D
39.264,-121.596,341,1,1,2018-09-07,2115,A,88,6.0NRT,313.7,33.2,D
39.263,-121.608,349.8,1,1,2018-09-07,2115,A,94,6.0NRT,315.1,50,D
39.413,-122.717,327.4,1,1,2018-09-07,2115,A,30,6.0NRT,307.3,12,D
39.412,-122.729,327.9,1,1,2018-09-07,2115,A,52,6.0NRT,305.2,13,D
39.422,-122.719,322.4,1,1,2018-09-07,2115,A,48,6.0NRT,306,8.1,D
39.421,-122.731,326.5,1,1,2018-09-07,2115,A,75,6.0NRT,310.4,13.1,D
39.419,-122.742,333.1,1,1,2018-09-07,2115,A,82,6.0NRT,309.7,21.7,D
39.417,-122.754,351.9,1,1,2018-09-07,2115,A,96,6.0NRT,307.9,55.2,D
39.428,-122.744,367.8,1,1,2018-09-07,2115,A,100,6.0NRT,312,96.9,D
39.426,-122.756,362.9,1,1,2018-09-07,2115,A,100,6.0NRT,313.9,82.6,D
39.423,-122.779,337.4,1,1,2018-09-07,2115,A,86,6.0NRT,310.5,26.9,D
39.421,-122.79,332.3,1,1,2018-09-07,2115,A,81,6.0NRT,309.5,19.4,D
39.437,-122.747,328.3,1,1,2018-09-07,2115,A,64,6.0NRT,305,13.4,D
33.015,-79.887,314.6,1,1,2018-09-08,0325,T,89,6.0NRT,293.7,11.5,N
34.408,-79.757,301.3,1,1,2018-09-08,0325,T,40,6.0NRT,287.9,3.4,N
35.713,-79.112,303.3,1,1,2018-09-08,0325,T,54,6.0NRT,291.6,4.1,N
35.712,-79.124,302.6,1,1,2018-09-08,0325,T,50,6.0NRT,291.7,3.8,N
36.821,-79.214,312.6,1,1,2018-09-08,0325,T,85,6.0NRT,292.2,10.9,N
37.234,-82.044,305.4,1,1,2018-09-08,0325,T,64,6.0NRT,290.9,7.1,N
48.607,-115.509,309.5,1.5,1.2,2018-09-08,0510,T,66,6.0NRT,288,18.3,N
48.602,-115.53,316.9,1.5,1.2,2018-09-08,0510,T,94,6.0NRT,288.7,28.5,N
48.613,-115.534,306.1,1.5,1.2,2018-09-08,0510,T,67,6.0NRT,287.1,14.6,N
48.999,-113.947,312.5,1.3,1.1,2018-09-08,0510,T,3,6.0NRT,286.3,17.5,N
49.4,-115.089,304.8,1.4,1.2,2018-09-08,0510,T,62,6.0NRT,287,12.5,N
49.479,-114.85,306,1.3,1.1,2018-09-08,0510,T,66,6.0NRT,283.3,14.4,N
49.488,-114.855,311.5,1.3,1.1,2018-09-08,0510,T,83,6.0NRT,283,19.3,N
49.117,-116.867,334.2,1.7,1.3,2018-09-08,0510,T,100,6.0NRT,286.8,78,N
49.112,-116.888,324.8,1.7,1.3,2018-09-08,0510,T,100,6.0NRT,284.8,53.4,N
49.128,-116.869,324.9,1.7,1.3,2018-09-08,0510,T,100,6.0NRT,284.5,52.6,N
49.124,-116.89,321.4,1.7,1.3,2018-09-08,0510,T,100,6.0NRT,283.6,45.2,N
49.161,-116.887,371.2,1.7,1.3,2018-09-08,0510,T,100,6.0NRT,290.4,258.4,N
49.156,-116.907,330.5,1.7,1.3,2018-09-08,0510,T,100,6.0NRT,285.4,67.6,N
34.964,-111.891,301.9,2,1.4,2018-09-08,0505,T,45,6.0NRT,290.5,14.1,N
42.688,-111.583,303.6,1.3,1.1,2018-09-08,0505,T,56,6.0NRT,279.2,12.2,N
42.686,-111.599,322.6,1.3,1.1,2018-09-08,0505,T,100,6.0NRT,279.1,34.7,N
42.686,-111.589,321.8,1.3,1.1,2018-09-08,0505,T,100,6.0NRT,280.1,34,N
42.683,-111.604,306.9,1.3,1.1,2018-09-08,0505,T,70,6.0NRT,279,15.5,N
44.953,-111.126,309.9,1.2,1.1,2018-09-08,0505,T,79,6.0NRT,275.6,15.3,N
45.828,-105.291,300.6,1.1,1,2018-09-08,0505,T,31,6.0NRT,283.2,6.7,N
44.998,-111.098,300.5,1.2,1.1,2018-09-08,0505,T,14,6.0NRT,278.1,8,N
44.996,-111.111,317.8,1.2,1.1,2018-09-08,0505,T,96,6.0NRT,279.1,22.7,N
44.993,-111.126,327.4,1.2,1.1,2018-09-08,0505,T,100,6.0NRT,278.7,34.7,N
43.849,-121.05,305.7,3.9,1.8,2018-09-08,0505,T,65,6.0NRT,285.8,64.2,N
43.837,-121.093,331.6,4,1.9,2018-09-08,0505,T,100,6.0NRT,290.3,244.5,N
43.852,-121.102,306.4,4,1.9,2018-09-08,0505,T,68,6.0NRT,285.1,67.9,N
43.854,-121.057,309.7,3.9,1.8,2018-09-08,0505,T,78,6.0NRT,285.8,86.8,N
43.842,-121.101,332.1,4,1.9,2018-09-08,0505,T,100,6.0NRT,290.4,253.3,N
48.172,-103.322,300.6,1.4,1.2,2018-09-08,0505,T,31,6.0NRT,286.6,9.4,N
47.759,-113.192,304.9,1.2,1.1,2018-09-08,0505,T,62,6.0NRT,277.1,13.5,N
48.322,-113.65,304.9,1.3,1.1,2018-09-08,0505,T,62,6.0NRT,286.1,11.8,N
48.56,-115.552,318.7,1.5,1.2,2018-09-08,0505,T,97,6.0NRT,288.8,30.9,N
48.59,-115.518,320.7,1.5,1.2,2018-09-08,0505,T,100,6.0NRT,287.8,33.4,N
48.6,-115.523,317.2,1.5,1.2,2018-09-08,0505,T,39,6.0NRT,289.1,26.3,N
48.611,-115.528,319.4,1.5,1.2,2018-09-08,0505,T,73,6.0NRT,288,30.5,N
17.894,-92.489,305.4,2.7,1.6,2018-09-08,0500,T,64,6.0NRT,284.4,26.7,N
19.56,-92.239,307.7,3,1.6,2018-09-08,0500,T,56,6.0NRT,285.8,31,N
19.56,-92.245,307.7,3,1.6,2018-09-08,0500,T,56,6.0NRT,286.2,31.7,N
21.524,-98.738,311.7,1.1,1.1,2018-09-08,0500,T,83,6.0NRT,293.7,11,N
24.032,-99.129,304.9,1.2,1.1,2018-09-08,0500,T,62,6.0NRT,293.6,4.5,N
24.877,-99.389,308.1,1.2,1.1,2018-09-08,0500,T,73,6.0NRT,294.5,6.6,N
18.925,-70.344,302.9,1.7,1.3,2018-09-08,0605,A,52,6.0NRT,289.6,11,N
39.436,-122.754,301.8,2.1,1.4,2018-09-08,0645,T,17,6.0NRT,286.6,14.1,N
40.95,-122.495,301.2,2.3,1.5,2018-09-08,0645,T,28,6.0NRT,274.1,19.8,N
40.973,-122.359,310.3,2.3,1.5,2018-09-08,0645,T,56,6.0NRT,277.2,35.5,N
40.987,-122.358,308.6,2.3,1.5,2018-09-08,0645,T,69,6.0NRT,277.2,33.7,N
40.983,-122.364,318.9,2.3,1.5,2018-09-08,0645,T,98,6.0NRT,278.8,62.3,N
41.009,-122.565,302.1,2.3,1.5,2018-09-08,0645,T,23,6.0NRT,269,23.2,N
41.045,-122.432,342.1,2.3,1.5,2018-09-08,0645,T,78,6.0NRT,271,157.1,N
41.042,-122.464,364.3,2.3,1.5,2018-09-08,0645,T,100,6.0NRT,276.5,326.4,N
41.04,-122.492,327.2,2.3,1.5,2018-09-08,0645,T,72,6.0NRT,268.8,86.5,N
41.055,-122.468,312.1,2.3,1.5,2018-09-08,0645,T,72,6.0NRT,268.3,44,N
41.054,-122.444,338.9,2.3,1.5,2018-09-08,0645,T,100,6.0NRT,271.2,143.4,N
41.052,-122.474,333.3,2.3,1.5,2018-09-08,0645,T,90,6.0NRT,271.1,113,N
41.813,-123.545,303.5,2,1.4,2018-09-08,0645,T,46,6.0NRT,286.5,19.4,N
41.815,-123.552,300.4,2,1.4,2018-09-08,0645,T,26,6.0NRT,286.3,15.6,N
42.323,-123.788,306.6,2,1.4,2018-09-08,0645,T,69,6.0NRT,285.6,25.8,N
42.326,-123.795,304.8,2,1.4,2018-09-08,0645,T,62,6.0NRT,284.7,22.9,N
42.401,-124.094,315.2,1.9,1.3,2018-09-08,0645,T,91,6.0NRT,284.6,39.1,N
42.399,-124.119,333.6,1.9,1.3,2018-09-08,0645,T,100,6.0NRT,284.9,90.7,N
42.394,-124.099,303.6,1.9,1.3,2018-09-08,0645,T,45,6.0NRT,284.2,18.5,N
42.406,-124.101,325.7,1.9,1.3,2018-09-08,0645,T,100,6.0NRT,284.8,63.8,N
42.404,-124.126,325.6,1.9,1.3,2018-09-08,0645,T,100,6.0NRT,283.6,63.2,N
42.42,-124.077,306.2,1.9,1.3,2018-09-08,0645,T,12,6.0NRT,284.7,21.6,N
42.453,-123.799,346.2,2,1.4,2018-09-08,0645,T,100,6.0NRT,286.9,153.7,N
42.432,-124.083,301.9,1.9,1.3,2018-09-08,0645,T,31,6.0NRT,282.9,16.5,N
42.466,-123.797,303,2,1.4,2018-09-08,0645,T,52,6.0NRT,284.7,20.2,N
42.464,-123.82,308.3,2,1.4,2018-09-08,0645,T,74,6.0NRT,285.3,28.7,N
42.492,-123.943,300.6,1.9,1.4,2018-09-08,0645,T,24,6.0NRT,284.8,15.2,N
42.497,-123.924,302.7,1.9,1.4,2018-09-08,0645,T,49,6.0NRT,285.3,18.1,N
42.535,-123.916,316.1,2,1.4,2018-09-08,0645,T,88,6.0NRT,283.9,40.8,N
42.547,-123.919,347.9,2,1.4,2018-09-08,0645,T,100,6.0NRT,286,156.9,N
42.561,-123.895,336.3,2,1.4,2018-09-08,0645,T,100,6.0NRT,284.5,101.2,N
42.587,-123.875,301,2,1.4,2018-09-08,0645,T,33,6.0NRT,283.1,17,N
42.586,-123.899,303.8,2,1.4,2018-09-08,0645,T,51,6.0NRT,283.4,20.6,N
42.576,-123.904,305.2,2,1.4,2018-09-08,0645,T,9,6.0NRT,283.3,21.1,N
42.59,-123.883,304.7,2,1.4,2018-09-08,0645,T,30,6.0NRT,283.3,21.3,N
43.836,-121.029,304.4,3,1.6,2018-09-08,0645,T,60,6.0NRT,283.2,42.2,N
43.834,-121.066,312.4,3,1.6,2018-09-08,0645,T,85,6.0NRT,285.2,69.2,N
43.849,-121.067,320.6,3,1.6,2018-09-08,0645,T,100,6.0NRT,285.6,102.1,N
43.847,-121.105,315.1,2.9,1.6,2018-09-08,0645,T,91,6.0NRT,285.1,75.3,N
43.836,-121.036,312.1,3,1.6,2018-09-08,0645,T,59,6.0NRT,284.2,64.1,N
43.835,-121.074,307.5,3,1.6,2018-09-08,0645,T,50,6.0NRT,285,49.2,N
43.851,-121.037,307.6,3,1.6,2018-09-08,0645,T,35,6.0NRT,283.5,49.1,N
43.85,-121.074,320.2,3,1.6,2018-09-08,0645,T,100,6.0NRT,285.7,100.7,N
43.848,-121.112,309.3,2.9,1.6,2018-09-08,0645,T,47,6.0NRT,284,53.3,N
46.418,-119.423,318.5,3.8,1.8,2018-09-08,0645,T,97,6.0NRT,283.9,124.2,N
46.417,-119.473,307.9,3.8,1.8,2018-09-08,0645,T,68,6.0NRT,286.7,69.9,N
